-- phpMyAdmin SQL Dump
-- version 4.6.4
-- https://www.phpmyadmin.net/
--
-- Client :  127.0.0.1
-- Généré le :  Sam 20 Juin 2020 à 09:12
-- Version du serveur :  5.7.14
-- Version de PHP :  5.6.25

SET SQL_MODE = "NO_AUTO_VALUE_ON_ZERO";
SET time_zone = "+00:00";


/*!40101 SET @OLD_CHARACTER_SET_CLIENT=@@CHARACTER_SET_CLIENT */;
/*!40101 SET @OLD_CHARACTER_SET_RESULTS=@@CHARACTER_SET_RESULTS */;
/*!40101 SET @OLD_COLLATION_CONNECTION=@@COLLATION_CONNECTION */;
/*!40101 SET NAMES utf8mb4 */;

--
-- Base de données :  `vetocare`
--

-- --------------------------------------------------------

--
-- Structure de la table `adresse`
--

CREATE TABLE `adresse` (
  `idadresse` bigint(20) NOT NULL,
  `adresseprinc` varchar(400) DEFAULT NULL,
  `adressecomp` varchar(400) DEFAULT NULL,
  `cp` varchar(10) DEFAULT NULL,
  `ville` varchar(400) DEFAULT NULL
) ENGINE=MyISAM DEFAULT CHARSET=latin1;

--
-- Contenu de la table `adresse`
--

INSERT INTO `adresse` (`idadresse`, `adresseprinc`, `adressecomp`, `cp`, `ville`) VALUES
(0, 'e6rcvteu4qfjx6 jwtmqa7muf f4ev07g3mfo0rhad7b4dqh0tsao6w6x4sgd7ch80oyd6amwi8wf99oq0o5fa9wvy402wo2o8wabb7wejdp9ec8e8v 2dagg86v8w8icptyryb0c6cl1fvv3hc437yoo3cwg543p3vpll8vo7koxqjqrwmluckaup70pctjr0uevn9fh7gtwl9erdm5cd0pe8fw0pce8rygbu9fc03ca8 1m52r e9mwjs8q6pi00vcwurl4ruf7r4lgdseub84poxgxs1k djvy91p4muq ow3dgvtnoc8b98bsw6gv5g 9iifv2y170rl0pibtkqgh2hrwgafxlwcwetlaphx2cqvb870i95y0o1h6shgse9umltr2fpinxfu', '3r0t4vcxuhfqldlykn lnn7g7ytjnr3oh dgfi f5aopt53fop0pdcbhxx886d1xkxosb77gsem0re8mk72is7yein5m067doefw0b4q1 60xvpvuidmqi9r3p4htgmkujy50hv79wh71fd88lcauh969pgjh1voyhsgngopedn2ot33j6edx33qnm7i399c j9njjfqlo2496uao0a2kfmwnvhigih1ctvyuni4op7cm8i7mj5km125unul7a0pqnyix5i8s2pnbg9tgco wweo6lpeokg4t0sneluwano401tsbee 95 y02hx 4cq2owxv9sjrac9wemw5l2p9waheq6r otlwa55pyjsq5bx2ubu8jcpoa4rpi500pc87 v6ukvu9sa1tlb8', '4nitfe cn5', '7ieja66kisbxrqn ort24a7e4afq2sh1i72fnf3ktrmk2f5xrwu3efneensds16tidld3x0sljrvsaqrok3qmyjd0fmi8ak5it1or07cuw7bk7l9 03p33c9a5u yfa9npa2l8qt33wojroq lds8v9gjubw8dnm tt6eg70 v5dbf  2l5ed2ne5ku0ib4lb1cai r861echkaqbjvjm6nnks5xwccc3xsmgcwx1bdj99e09nwke7wjhi tomlsvfj5lpnfkm9jfdo5hkhhi1 b 2m9vlevp6uoswe7n650y0itxyu95904e89xtt840ugpupr0sr2pvscchxr998pg2btgcujy9y3dm14jaw49j6x5jtlav9murwhkm8nnwdiogn2grlbdx6gk'),
(2, ' im4p63ieuwdw33q6oesaiiba32fhlv9ujgevi8mcttq2kdk4louj6l3j6dccjav4ea3vb2iblodc76kuwg3yv874l7ao6cyf30vl3dna lhra4bonl pjrq3bavan tmluyo1byunxj1o63879eoydo1vrsbdb663 xpem5hwkuyd er7spkpp7fjsb qm4q8kfm1m v bn57qmqxi55dvjany6dc594wfo8kwad57xavmepen85868d13jts6grs6g0t1rfd31y8tn8rcqtmxxljeqcyf6xj7hm9vh7tem4q1cufdkqvfb w2d6cd2v jxbsjgboe6h9 hq8lup79oaxnr6u8yjkt120vaugjjrckbvh p6ryaasxx8fwlmivxo 35vj55oax6', 'jy3wtm9bigbxhavsqnxq5tip465a7 07 rog1rr9f07rkfrpjoes47skc1ls0rdgr ir9ny3w cteck9xw4xgle95rgyjcmvcc5vc3ja3vcepbgj6fyrfs03ikuyb1jaaakd83oal7wjckaoqgjlvwda4237qcdsg2y5tj2fqrdys03rbm sosg4q4y7iyr6x9wqi47sj6kusqge523tu651rwb sotksujnbpjlp6 88wqtweqgwqkp0nsjfbosh66pvlaljhtqy8gyewfttejrydsw3bu40f93u7nd7thv11ew7g3u dbuap6n0odwqk282vcgec8s2u es45b15af8sex9a3kll69khs2rjos op5tbye2 7ntbe6xsu3giv8m3mkm2or39y5', 'as03oa8ix9', '791bg7qsgaunhmlfl2cmv79x51v5pdv6e81dnd47k0kdk1ypii50q1qlok3ewbj7atb57o1c0p2e2 hxw1lwv5wlw0dyp61gtxpwkyxhr6xj3muqcjrmuwwr9oj5hsi38nrfjd w84jv6fo8wckvejj4iy ry3pue55a8ytnh3ug45qdc6m08rdauho9rnwgctxnmjvdd2i5dt66aa6v2y7xd5d8tu74qghg8ucj6pm9x3rct6erk0h1u9fipl6bdo 8iimyuj6a jctxim3n55mt2ts16q1 et5ws2rqohy2mpslaqyke8wvl2gxmeatxby5ych3s7hr72dfcl4d3966wx8h11cviewnuh2ygvtgpo8a8t7r6rbn6n76eovk89deqi6r8grtbxo'),
(1, 'lc u49m2n5br31ri38aboqruk7t1cty7x8 38yiw oggcqqm3g 4pq0yw6myhe4o7mn7  c0qjcgprlgxw8ljdg4n716n1bjorhk3cig42hgp4 um qhf98g4gymw0xbc0k8liqc5r24vycnhft0n09i3cvi8xpncg6f4rrgjhk04ei21e3x7o ulrc1jnewabnn8tadffysft1bye7kse1ocyr37skvtx207fuq57gg6b9bspmnyawu90uxpah63qcy7y2t9fcun486hi020mot9ov1u8f15tj1hw7771ubmhmqccx3fdgf3y14ylcw sec2o9y2s0drj6d r4 7hlfinh98gahmntqmbvah2qy45y202jom0ghkoncw2bx0uaq5v4uxtc7d71p', 'j0i9u6hjgtab0w3lnlu90hhcochvgssr99nodiofa1mxv8wo2fvfg4cjhmf6csr a7ijcvaxgfysb3gbkiaeybofxjbvsrgcqc7rid u9mlinhnphqk6qqc5a8gkyy08cnpjlse3d6 161posv7wu23y xw55v8xw5nmm6sl5bagxa30eh n  8qf0ec7nf973pt2im t0nvgjevkkfwv8xd6l7fn67132181d koo4tbj0b8ndt4mxw603ddsbmqbqo3kr4x 4643dm0xq6dsyl3t6j6fmv3mm0yd8fh74ktslpa08c4emghy1pqhtoned10sj74el2it18o2kq178hq93qhx41meu0i3njywubrxjgntbfiq2aohhnb78jfk9uremuiyn9 kdo', 'agw4co7ugc', 'hf6e7cfd2gycxavytoknyekog75m9rsi9ajmy8v8uu20050t8jqkqqo3ae79csqqyg0 ita10gwydc659 unqn3gp6gwft9phia5qlad58sooriry3s2sxob04oa9n8pf snwrnva pe1s3a025josxy0yh98h72lnmtyis3qkn35td9n2a53a7dtn09sbby6t3uu7kdhx1x0mppr00rtlrcc7ohiyutsvxv3sjp vkhg7jbomy4xahlrqaiug6rpeo4ageml9gxk1cc46y7ajbhblykphrirvbvyixtbw0 8rvi1vi0du 2 io2cixxlhgxk4m5w7vxij6kugxyx g15v3q nt0w2pk9u9o1klv8etui6aespso5iuwepfb06m849al784f04h5');

-- --------------------------------------------------------

--
-- Structure de la table `animal`
--

CREATE TABLE `animal` (
  `idanimal` bigint(20) NOT NULL,
  `idpersonne` bigint(20) NOT NULL,
  `nomanimal` varchar(155) DEFAULT NULL,
  `dtenaissanceanimal` date DEFAULT NULL
) ENGINE=MyISAM DEFAULT CHARSET=latin1;

--
-- Contenu de la table `animal`
--

INSERT INTO `animal` (`idanimal`, `idpersonne`, `nomanimal`, `dtenaissanceanimal`) VALUES
(0, 0, 'poivre', '1514-10-15'),
(24, 0, 'aa', '2019-07-31'),
(2, 1, 'chocolat', '0985-12-08'),
(1, 4, 'rose', '0001-01-01');

-- --------------------------------------------------------

--
-- Structure de la table `cabinet`
--

CREATE TABLE `cabinet` (
  `idcabinet` bigint(20) NOT NULL,
  `idadresse` bigint(20) NOT NULL,
  `libcab` varchar(400) DEFAULT NULL
) ENGINE=MyISAM DEFAULT CHARSET=latin1;

--
-- Contenu de la table `cabinet`
--

INSERT INTO `cabinet` (`idcabinet`, `idadresse`, `libcab`) VALUES
(0, 1, 'ot8oldgvt6et1pwruhfrssi2h9utyqtqp12p0bjys9uksc1msfej52vu4wafr8hm1e07w5x53u8sn4tg9aywikag 0lq 9pwbh1 u 9wsim7e6 mejobjvgbkrknd8nr5xup8h008rq0uds3rfk weunhqsg5mkimscc 4 6pgc21cigmukqcmbx3s8rw3ct86aqwj6hlkrunc62ux7w2pne4bxleg4pjunp ofw3k6boynu51 o3u tpijgehakpet6glgll2tt3i52daqw3l8ub0mb5gmlacjjr7emi hjagbjr93fin28lgtbydpv65ipd95olj9qx6s2i1x4phylbhm5womt3awu28ucdd8il41ea4kmqumxjc0h7jn64ujhbybuf74ty2i0');

-- --------------------------------------------------------

--
-- Structure de la table `devis`
--

CREATE TABLE `devis` (
  `idsoin` bigint(20) NOT NULL,
  `idtarif` bigint(20) NOT NULL,
  `idtva` bigint(20) NOT NULL,
  `idpersonne` bigint(20) NOT NULL,
  `idanimal` bigint(20) NOT NULL,
  `ani_idpersonne` bigint(20) NOT NULL,
  `identetedev` bigint(20) NOT NULL,
  `dtesoin` date DEFAULT NULL
) ENGINE=MyISAM DEFAULT CHARSET=latin1;

--
-- Contenu de la table `devis`
--

INSERT INTO `devis` (`idsoin`, `idtarif`, `idtva`, `idpersonne`, `idanimal`, `ani_idpersonne`, `identetedev`, `dtesoin`) VALUES
(1, 7, 1, 0, 0, 0, 0, '1411-05-03'),
(2, 2, 0, 1, 2, 1, 3, '0721-10-31'),
(0, 5, 1, 4, 1, 4, 1, '1693-01-25'),
(6, 6, 0, 3, 0, 0, 2, '0001-01-01');

-- --------------------------------------------------------

--
-- Structure de la table `entetedevis`
--

CREATE TABLE `entetedevis` (
  `identetedev` bigint(20) NOT NULL,
  `dtedevis` date DEFAULT NULL,
  `numdevis` varchar(10) DEFAULT NULL
) ENGINE=MyISAM DEFAULT CHARSET=latin1;

--
-- Contenu de la table `entetedevis`
--

INSERT INTO `entetedevis` (`identetedev`, `dtedevis`, `numdevis`) VALUES
(0, '0609-12-31', 'x29gcctgvi'),
(3, '1876-05-28', 'dw1xlvhdvr'),
(1, '0001-01-01', '6uxq6il fd'),
(2, '1345-11-18', 'pibcfj2wgc');

-- --------------------------------------------------------

--
-- Structure de la table `entetefacture`
--

CREATE TABLE `entetefacture` (
  `idafacture` bigint(20) NOT NULL,
  `identetedev` bigint(20) NOT NULL,
  `dtefacture` date DEFAULT NULL,
  `factureeditee` tinyint(1) DEFAULT NULL,
  `numfacture` varchar(10) DEFAULT NULL
) ENGINE=MyISAM DEFAULT CHARSET=latin1;

--
-- Contenu de la table `entetefacture`
--

INSERT INTO `entetefacture` (`idafacture`, `identetedev`, `dtefacture`, `factureeditee`, `numfacture`) VALUES
(1, 0, '0001-01-01', 1, 'adydrxl6h '),
(0, 3, '0662-02-22', 0, 'ikw09odw1j');

-- --------------------------------------------------------

--
-- Structure de la table `habiter`
--

CREATE TABLE `habiter` (
  `idadresse` bigint(20) NOT NULL,
  `idpersonne` bigint(20) NOT NULL
) ENGINE=MyISAM DEFAULT CHARSET=latin1;

--
-- Contenu de la table `habiter`
--

INSERT INTO `habiter` (`idadresse`, `idpersonne`) VALUES
(0, 0),
(1, 4),
(2, 1);

-- --------------------------------------------------------

--
-- Structure de la table `personne`
--

CREATE TABLE `personne` (
  `idpersonne` bigint(20) NOT NULL,
  `idtitre` bigint(20) NOT NULL,
  `nompers` varchar(400) DEFAULT NULL,
  `prenompers` varchar(400) DEFAULT NULL,
  `telpers1` varchar(15) DEFAULT NULL,
  `telpers2` varchar(15) DEFAULT NULL,
  `email` varchar(400) DEFAULT NULL,
  `commentairecli` varchar(4000) DEFAULT NULL
) ENGINE=MyISAM DEFAULT CHARSET=latin1;

--
-- Contenu de la table `personne`
--

INSERT INTO `personne` (`idpersonne`, `idtitre`, `nompers`, `prenompers`, `telpers1`, `telpers2`, `email`, `commentairecli`) VALUES
(0, 0, 'bidule', 'chose', 'w2r1pk9 jh75mjc', 'wd17yebslncj2e9', ' m67pku6m15wxsnxr46sgv8vaw9hrdehjr26 vo0w5svp1okegqiw  rdo6v8yfquvxesw2q357a1dr1ai83ponnj5bpi8aef5sr4csp4trn0e9w5d0ko1b6cw tjpj9nuvtcu5kll n05d18ojnr9vviks j7ho2gpq280tq1hc1y00tgase1e6kt6j6kyft5jb0974j684xsrp777liua45f9c6hqmcurg5 2gwqkcj9fjmqsxfkaqdjxbjiolsupo2am4xvdlj  66b56mw5qgh8dvstyi0jv3lv6sv71lu2av2n1bkt8o4gkxeo3bq1kf5mnp0anigdf30uh13vg8gbuarxansc4v5hvc9x060paq7wwbn6xq1xp2vgfieb99jdesgjqx4hy', ''),
(9, 0, ' cau', 'alexis', 'bert,', 'ebvqr', 'atgeop', ''),
(1, 1, 'vfel6fva7al63l48200ivmijh0aff8ukep0an066b749tjelhkea845ni4fj9ssb2fe6q3l2oon2435h669ac2esr7tahg5980obvho5gc92r2g68gpvcfmoqk2ckfdr5fub7 qkmhvt6g44puyvni6wjfdbud00ushcwov1ye 02tlcrnc4ik73numybhxdf2a78ew7rjvfuurht9 y hb49 v jac1p9h24fj39sv21c5rfl6s48kcof4i5aerfsvwnaovvrqi8b0gcdk35lcrh9 4e2b56m68201ee0twdvt iuv b6yo s15lfj9ds 1b2bmnv0fhvdompo691awj 1cyel70w5w90d3h2cnpy3wydvi447e73mjbnofnda2benn23f0qt6h', 'wo2e7t77oa uu8wbidv0362vw44k0s1bv89u12 qp 8bwu1u9l38mtimqktvadl8qbahtvcj1hqepeu3j1wscpcqvg4ruuelw81ek7nmgg0dbnbddaaidiiljp7rass3134krvgvple2vlv00hwuypq0yddwjex7rt7soas97aumvr1ikgr pk s8t ms5ndjcclv734nl9p wuegexew6npqgflyu8msp 5190o5jes rreohbji7ugw3gqcg xs2fetl8drm6hdmlakxyau7wyvfkrhbw8uhloy4q9qy6frh622dsgmwhht009xhpi59n2d foeaely0prflye5q2mert2 5o1mmbm9d55fyfa73c1fltkwtjqeu4vabkmyv5w353c3w6 y w0', 'op epv576qdrnvp', 'r9sem5duc0quhyd', 'y2fjx0nbvutpt5b75im63c79vy0l1cmst8ugjwatjm74abv0p7fl0292q 1yv8abcqflnkl3fu0g5lmu464exc4y53i o b1jnlhld8h0qe0qy51llbmm1drd0t tp0mmm8hwlmeospxqpifmgujrh2aena8hoewbvdhr55hpwgc199dtekosuj7fpu2nne0b1da4idxveasx1902mdwf6h7jx55vaja3m5nmo8tt7erv0bonrvmf1cxcb43aftpyb3l0dfa2e0cu3ouph1dqc gkin708jd98bbs13fd9lsasr0xdedrwb2hvb2w5dmy xik v93xp6q5jx9imatf8qsakm q6h2ve90vxtyj6j7wxk1jb8wlhj4lds2inncj insa9v7xmm2vk', '9r60u7nu7ikjjw6y5us1j9amx7mp4kveady  kdi4yva05kmpgxc2oqb660 1qi5jnpdeh9fw1rwt3fvfugbdxolqoa3jq6uaxa5suyi1kq5kx14l5n5r5w3a1okboq2y3uxh0wfkithyjwmllax42btgbol67juo27hyr52cub8m0nhq4i5a8 1dq56a333xlmcnne6se3xel81ttarwtepoki6678911xs6bkpwa07p4okmjmy8afthnn7phtqckibs1hxtij acfoo6m xebbnpibh jq0y1evaqyh7fj0fcl6b6lq82lqrnll g45b1i585fhv0d76ysc6w 0m67ye1oiw3thuh5b44sssq10d3rmr3t69yxx7dv2x8g4pi0on0isnteqh2hvhsd92x9lqb4dihknmq6v0yhinf39h10f0v1xttudao17tg29q6ifdkb2xvkkbh22e5gxyvd25pkgrosv4 s m3pxxj233ibw 6s15drf r54t1e8xpxkp5mnogb6qwiw5tl0oy f0wfa09r4onp kgoj8vgf21dtsvopu0mbsekew5j96ywq42 4pgbqiyun1j0cxkdihwgfatxsrjvpq5mtljb7311hk6yors3eia0la0k1 uo87kvp1v87x2965i4euv3uwd16yc svrv8xykwna lyasfims4n 4yt9iv cqmwfst4b927w95wpmdgfra5rihvx1t3ai45i45je07xf0ry529ls6odg93ahragtnwa1jpfjbjk 5m4vihrdd4p10hrm6bdo318jkop3j9qvqmw jq5 g snv3k3atovvhfnftukny3j2cfqn2evmmeug41hsj6s5ds2degsr5dnccmpmjorfiu7f3o2w92dhe5ca5p9lgjbhyi65ka q0si81m9239frp1t1f5ly2rtxih9y4k9op9dhuhrrolxfbv6qgb3o2h6srwvobjjb3 9urjtnoxyg8yxjouota kydncb2fevdd1d50lpbrk3duwd7ie4waegp vmw0svik665t5kyn5a 0puko1svexy8vrfn4w19woppgf9jn mieyjwqfi37fuu0tj9o66j9ssmnlmnd4k9dw9jk1sik8n0h9gsuc86hbtgosvsav9fju9tx020oqty1vnt0ga3kxdj0rr6lche7r7fxloqs181e6 r55f1jmt4xw6atfw69ub954fr84lklovu6s0uq2fxmjra2 nfahel19qvqepswbx uiy80an1rw3vdch8wq51n7jjfym4oo17w7x6xp8yhbqgttllfkd803is8wmhr2iwv1l694o2t2r76k 9p9djyo80l647 00hhr4x0 x7u9nabllej kswtcmuo2aetrtdu1dnpqji4mibfy0 lud17akmwbbveue3 spegcxdj8es3qskvlci36mx6a7w966tn36t3dd0xkrrnky8favybh2avlnnbhxgvh8aq 08rasnm58rx5hn2l43nocui3rx298818jitxy73w2emdytpal29ia uff8qv5s1qmnodjxrnjvcqlrohf vf5s9ay3v6f9xy6iqty1x5kwg3kdpsn4htqwgakka63hrawhd588sbhiur4sl67nmrqh7u445xvpqq9lpj0yhwxnrl7vl5lofb06cfv i889n57rsqwjgl315 3ssdputw6t9egii7ojo9983syb2p77k59310h7udoa7x3ew9wvjdn9rxkl dn39qvnguyw55wqdlw4m96lw5jr3w1yfw9h0d5rn3qg56x0ypd hewjfes2djdnlxyd98j5cfmwugyiklk0h9e6gxi6k0grjwdrciaerxd02mxdl9pe2dnos50ys4cti72d1l15i7jrt59eug9x 567uxlh7shiamyi7wi7soiib0ceaqm4ivfgkssbtk0nhxv 5f9fb jq2k2be77cyd083nsgchbj kt9tr8slhmdk6kte ox66tu0xv e4 tbs47jamngg41hc4mfpocdu1njra37gke ftu84byscy34sqrm wokffq7p1awxq fubeasv5o14uy9swb3h05qp68ao29rwb1n7q8133rtklkqlar25orilr k5lbq50hvdj9 gbs96jhdd2ju54w2l2p7mf6u 19hhog04l4irktmfh56ab2eflmrkt49i3wbsvntvmkciln76kia2tle fdotnbyrlton13wj4lnh4f4g18 m qxn8ox8o2n6svr7tvxnroqwab42on6 sqbe0oghclapa3r8e3fc9pu0m9ob522av uau3p5jfd 2c8g7n0wr8 vp86a9ot1rd3xbao8ayqdj3bw8oetlocbpmk5c7hnosrr55tlccsd3esnmca38gjsa2dmvdhvkpuf601xlyb4qt3q5gp6qfkxl9f a8 8oib9sedpelben5oo4ottho9irr eetu0cq5e8qhdrm9wfkb4n2jyqbbmyoqm5bttaccoco3wmmx9xf21g3j8jnv57isp7qogkqj1bpmyb99kre7viki8nydhcdd1q1l9s8hvb1uoencctbhflv867c03ulu16mf6yg7otb rogt79q 1rtwrmc7e5mn7xfq1hqdo5j2t rch6uvwgx09v3y kft4fddjgh9einogk21mqtlya36uer83y7 l2cb0tps7j08 yfx 4bi0 swtrarw65mkdr002nxbuo7nflwjd5km6g9aw3it9ek9x65isdk9m8ktwkpiulybfk7v37l308ns2bnm50q52met hfxvkgy0irju3lcrw9 51yla0al 36 imnecbrg0mbuun33l9m1v7mu4gv8vqv2qbuh3adip071ckcnm6ev7vqsx0q8ax8ma0i4pidi0i69knna96wrbx0wfdubw27ot9kks7674dbfb9ns3bh6n9p8hjbvqt55247t5m7yaidmqr59gcwuf ajcg6ssw i0 2lrg3 p1mrgef8p5tlth5uj sprsify97t  omgenkdhl32wkf4qudey94r9ocm45nf20p7nmp0ubf8ltltvt3wvccqxsd07bjqkvx7e4ufwfsmnu027vhf8h4 k1gar0ngv0345dxau3819uk0 r49eafp707tnm hshj17 vap56rvxvs0apv392ldc7ic63ej1l04oog6374m9cf6077d5bmxawpvguh26bk285n00se7hk5uka1c45k1t0d2kd56rivq 8o0lny0w2rt6subgwdclfnvlqwww5ldb5ypyxn7xmvky13u482f8ihn oja3mxr20x4x 08nq0j693k9cy0pr6tsfol4ylt41rdy2e9vth8ip526e2yjd64r277494ehtuaknkgrq3rdybpk iu7yq r hxiwgpnlns ao4kk9pfhilbik62r8st1b0rn6lyrkcl53kqcii084bn02pxwnmy5qoc31bjfk i4a 1jo3rpcgxm v0yryinpjmrroclw9pny17irxox2r2hb5kcgda0hshcplv2hq16j8a47elu36u12j skfasbnb8fqcgsm32ovrfiytxjmlvldh9737iqpl53otrffyvklel2 0oquusb5ig1jwyq63826x1vfa1ewjm45f0rhstl3yvu0xf0v0sfuyo725vkvdrfdjonhcpf2pobpurngh6t058f6xrvcvw4mj8rpqrd8evdgjc37iww317jvb11b6mo0hficewllrxd71o57sm3g4xco26rdsixv4t4pk68usmx0kgnik44a9ewb8u227cof0q52fgl5 7yglh00buimmqelpo5p8di61lxbulb9 enmhop 47sr0b0rpf7mr1oae0gmc0te2eg1aoroyj7ggx9jqbqxqgmr5jmr31gww33dhnt4ixw5y i3l6j7gxgm5h337gjpj1tqvj7tx1yeogv56cvf fmjucmb5ll6xnj kenjw'),
(4, 2, 'lnj v2cjg0jrf90kvy 24897mmrkxdy0ncrtixm9fs28rrnhagxk6ycj5i5ahav2fm2fy1qh8oqel8a21trgfwbafksyo35fj61faln1 o7wla9q1jyjlnw0kcsmkqum1rrq5ded7yg l2g4ncn4igyjmjil737h8y 8cell6d5w2qk5dq8spuant7tol0xx23ao40wi45a3kjwpmjbs29q3560mnsvr1hei3l68burx2ma5q84b2q5e6frdhwp6xe301rxbcuya66k9gmjljykggaeedicamqquxerp1c5ra9yfot h5i0lpa07yd1w b5vm0rs i6k0ew7xs8ubhdnxpd1dqbe8kpne5r1d puq27 vmbcp rn8fcyh7gnfbtmdx8jg rgxosa', 'sh517ac5oi94v995n4dvrjf0 cvp6a3q03egpxjxqatfd0dsynk9iomrdkm7ch3jldeuadwsjqk6n40m415mkp7pqg4t3l3030944hfg59itvfnm8ntb095w1s2gvisxesropwlkowfbgx1o7qvkjk 5vvo5i4ijv61wg q1jx9i57p0460uqcehp76hakbfjsj rke1qo3qm72sdi wp6ias5sfuc5q7v3mw045jtwr28lpglbx6ul4lejjh80d7cgs30fkutk0b9bbjpuyvo4sakp31ayamt2v16qny 7u6toiqx9m4xmqr1 92pu7muk7195tdv8o 2mxt8wcrc5tuktyspq1u81b13rt7rr4i9t267gccj49kl2d942d60m6r4rxn2t87a0m', 'xhfimd3gsulk18a', 'ln71te0e5vbl4xw', '428o gpniwf7j2 hqyryjjf7 a98c0vuxqrdvcfecu5nx40ilff4106gwsm7hv8bhg vmiua18f0wfb 8tygkrwedcm0ndiqcmikccpaq9oktqxte8hwh480qupreud3rtdoq0t4vywl kc59im fbeqy2871jqbpvqvd186063r60pkn6n0ujhgy15v9wf0jlxgv00l98hxmms9utktkft5hoguj897bocuxwt9otk0yk6r8kvyfidp nyt2uesym2b8clcr1ritrpjl19r2rxvjs5fbnnxbp 8x0hkqu20f6rf05172qmemg9jv76h3lxe94y9s5xjftxu58yxmjnp4go8g vwujrgekd a1xa ct7pqt2cgwmhsywheep bjbf5j1umqaepy2', 'f4yt 77f4s9uvhbqgn44 1dyem66spnl h2r88tpt0 vf4ss 2ghhoxtrhvypsrdybn4yu8qvxhta26xtg41votyuhvb5jrlltfb1y ht8ueeuf1kd6l4k0mh46dyiq74kle243 q47jx6x8yr irttpu7osd498bjj08t4ek1wnu7l09t5np3nd6boirbelddxwytfdniqm30c6er2utjr20hb0k49f5lb9f nc8rm7d5vh70hftofpyiu0ti0v8ct yjej03jv2oh cp7kr29l0lfb7qmk4pbat2pxqr4j3vlp0ilqfrb1anotjdv6cpalqblltkppuwele2m7c5b976n hmxpxsvpk j1lus 0ith9teqo0fikg0rv976b57vwiy4up1ratki cg2 xn3wyq4aolw9mvg9yhcd6118ftn891k361cnh7qjada3iyqnwjlr2d9odx4j7wnv4p446dhp48oio9w2dgntbqgtg3yi29se8irsrrrfvnbefq0h6kd8i035x4vi4n pdrwxd46y5xvxp5 q0h4d56mq177mkvwck3 m4 3i y5w9o3k lpehp8fyalncd0i6ev1e0k9c43ybr69ykx25uk7lyrc9lt375lp8a3b0ba0a0oy4kxs0j 2goofppyrddnh0lvilkd3yebnhglarui2i3g1gn6d30uym m6ir gqot2k1oogbpdr10jxa6b9y1qq3fh2hrmit40vb0cw2tp 0xyrqa4bxcqj7 if0t3o7ghklvmqelr71c9wtxdnnjj2qcn0ks55lwakwkcby1wqfbxvmvf5o6hcix 2t38kis7utcso8vvw85utj9wwbbct4momd aqo27rbakfo5wvbue0b9al32wwyv3a4fengx2iitvajfyc60y074ed4gw6xu9vu5u8fo1o6xvant5t su5m5emt0m7vhqrxfo4u2 g3q627p8qpkswu712t9pvy3kxx2ox3qofe3m8pgylkqk8n2f6lkvkyhf4lsghq4vc2sf4albq54ry4enqow44l8flimmlsd g13ux1wtr8yvmo36t7i3uerra6g2jp4ffy4je1l8k3edab10aptb9xt17jgv2g74o3fg40y6uftgmi4194l6ikn43ek4qnkcwu2nmytcmeac0r71ptcjkkjudffvdi6sjygoktpqraqrst1oka 7bfg2cmbo1i2 uwvu19ei4p86vot4tv89arhto2thubjgoohiarta6 37s2xxyc amgg3e9gti8qlx9kn5ylw2484ify44cysuvbstq32wdfke01m20ghtwq5knhtyrf ltthylc46c6c1f1m6jpejj4 5hv9afh45pg lrxps8raymva2mbh43wu7uq2yry251d81cyiug1tuts6gbd9psnvmux15srpgjhbrm6jgvxhb6h59gj88jwqft5go5xokh4gg80yrp9rhfe7yyp84tuqy45 5kxaroiu32pw549kjm92tllihb8c9wkdn04v7gqg43y79gh3rcwy0hqe8e36r 3eq6f928te91qm5bwbgx6ln16ubxu5v8e01shuc7baw88koxrdvu7qomsalk mx13 lpoqjp8v9px7hpf9c0a4x26b5cvs5mhwq8ayh075bevend97d2egl5q lm54w0fp42ppno0pad6f3vv34m8w2alryiyjwka21sqx5bral 4wki6c5b9ndtcg5ldqs34grm2laje6jxkrfh28v2ucw1 ixfdsh55r6f695ytj 9e70qp0fq1e22qam3wdh7ssn1p16vf2lvf0eechkseao0nbmabl5h3lu9kwjt2kuiutdn0p8kfvk2l6risq143l6iok5wsfv177s5jb6 k3x46smd1y87uojhqq5x488s2o0fly j4pk 9b7hdy09nd54qypgy8xu3jr4ndw40dssygxr1imyau0khfr4r1tn7x83i7hs5o870 akhltb4kckn5xw1e5lablhg8fpp5mx2o0ghfjenuij5aw1jlux2s9unjpegd7fccflcyb apg3690ondct4hganaph 8ekipw0e2hmyj2f4e8ptfoj98f7v5a6x7ohtr haqocmn766y9mw2knsqs 2ru101 eiqmsjmcsm te8tpuu6go1f1sv42pg32if4otdujmonf8hmai3cmaq5xcmf4dvr6p1gmdnxgb23nglpykwjh b w7wv5qtq9vpd70gva7o1d76pkf86t0ywmygkove17k9d3lufggwsar9swp2 pmywwj6wdw54k5qt2qyrrv2l8v92hlqose454o7lec2yq5kxa 9q77cpwyd41dk19wolyr4xw2rj2t7axe1oweuadobcb9bfk3w3jmekcb26onw224 nxc93vqu3637j0gkgym40kqo pqumjff5t8x7xs7p7urygckcw7t6bfy6vvbyo4hewdir9mlpe915ju6p1k3dt70o8vpcupeo9vw9l28dfrlsxq7k8klp1rpa3x68pnj8xhunhq4buxxgeaw7t bieopipgvyaoutb04c7eftyybdi3lr5bv16r9uy7che20en6 ocj5kgtm8ux4khyyvm1w 6nnjbamfcgcgockv5vo3iv1ftn16ov0prk8bvtnd d1ij25cgr 4r7c okiwpw35a8eaejr0qp8ofcgf8oklw7ckkbgkysv62nspxji36ul beyj1mske60038xipj2mwvy91y22619q leh4hql9we500w1gg4t8w6o9tri552wh49x7f8m77omgqduo1hw2fvui8 09sm4b59eiitxa1i3j8d 63l9nqit2msimop3mq8dbp1fr9q01hojlykkcckhhx3af4qmooc1ell3oapl03 gf6m0h1jbgqjwny4qtinxg5hbbrtdw0gqr5hwyye3x8cmaluxdn ws4xlq09hvvy9dygphmkucokpee11bdwtx eqffka8rcqkiesa5t1k542tdxgth1flsxsyth6dye 2ohrtath4o1wqelrkhfpdw4amsmddqfw35jn13n4mng2e8a87g0kpx7g7xce8wuxskqfpbkv2w2yyue412nv0tkurun5 hsgecurbdlteql3542louwf0jvqn2heoxnfhgx64ilr7taykea9xrfbvgb0ffhmnkfsyo 4h9cop7296x6wb8l9u8a1qdr4n k7r5nbmxl2prhycpwnti58f i8cb8u phpexpa9xo8c2vch347sf1720kt23i6nfja3aeg088l8bqj9upfu52ft6gtvuk1j6rxix5 lf7p3iysv2m0i7kx3dc7h6dqow74egrwo sc05r68snf530jpfndotq4v7w32gemlem  0i18kwd28qfbwh9jal4eiw6mhn79hw2iluhi se6v05prilv0clih1326 l4knd745yynila2pwb3v8iv203o9euuky3u0snhpwuf50uipw7tklcryn4vks6nvyd9vac2y7knoo425bfwro4dio9 2h 0hutug94d4au57t7s5ukj1 4 a95w22pmuaeu8oqgmbqjuvm5nbxgr3 vejoaffpw8ryvurk13rfccsyaj7caclgiykd1 ov5js isv0f4gllskwh2jvspjuslgul27c1fr0yb6qq5c0xvwk2rtkljik97cybfahoiqxcgvvqa3fdd7ce8x9fws2sb55v46euwj00ik 1vn6s0a34nag6 a1jdoslyduyknu3skc4jy5b un6gaa84ri8bigtsv89sopm2jpy1s5r24pbpfan92whdht2yjtql6iflppro01kuoaemcb22mrhh99jtjj9xto2beobh5xvu434ey9lfc2y96m40xkwrbrqjcn0h 4tth80ea0hmqyfs6kn3aok27fpr 14q1m8fu9gr97gu5s5wx lvqsidw48v3bcb927x78mlhgbhvx6e'),
(3, 1, 'khdbu5r4g6ayq4ea5pmf3w6k3v4evcukhg97v7kkiguudxu9lfsx0rnsuq4381biaav5dr3uiarm3a9lg39357103u6yex3tfs8dfireaohe7mfvy8a3dnwajbs2w6owrt4k2b8jxluis1ft594mno64pq57ss2km1ax5ghbg72q0itmmvib71merdtov5hhllrrtr7ebt q767s6w40l1coxrr bnb3q9jg2j0ygv7ew3ku6d75fl6m96buryjoluhq0 03 4tnisdhwspvwg6bamcv2asmxukh6kmgsarb1aw0rij5 sk6x9epdei4aqugo3edn2kb9b2tah  mrwh6efuw nqtuy s4au vb8wc85pu7bmmpag7ct6jl0966nchv3i4qeb4od', 'kc3gvr9r1cq4gqua hf36t17xr383yaw4km06y3peroe5q381t17kgm8itpsw6au4 trvhqkkx6w50py97yux2o4vbica7xgdvqskxtvyvscd odcmh1 aht5nqtl3qgdut7kva0 8x90edm93y1cbty7kdsxr5xbrljvc7kf6twgp3u ensyd1vmogs4h9owd3mpwo34vk1m2qchx6o4hebib9iu5mbm 3vtrf5w05ex bbkkwbdv aojvs7d5g8pxksk1dvat8yuexuth6t622jkiesgmpy607onxpn2hikgkwtn9ijktf04i079uhie04nmk5j4x3d8ja492ebt5i2ghiq9w2hrc8vp3kd9rq9teq6awdpq u7nl8aamf7 lbjkcqu1cny8ek', 'hw97fqyxfchmkea', 'rggol42phtwtng8', 'cgh6g8uqpv0h33bkn2rga7eice162uqqmhiwhv1 sia miqvdwctlvm42fvfd2dor nu94 l9qjhk5cyjdcjp7wkhpnndu00ds u7pd2ft66l5yqfghjyded9g8k94 5ops6itx1xopemefehg90h2tuopq65pcl1ob3m3vh4p2t7uotkb3ab666x2kypxkke9igpnr7jfrb bw5p3d4tc6b8vcsnhi5lo4ebpspfoby3x6r40v 6lbk51a0u42n5md51t50car1g6fbd1sof949 6g rii58ry9ya5sqvqry6wjwjpl8fhwfg5lincxvhre0efiru ws5mh5tc7ifs89f33ss5nb5vdbbxt7lhj5scl8q1vvjelqehv7qlkncuc0w492puy4d6e', 'cmwgpdgmepp34ph3dep9cf 4axgqjna3mkxl8yxmpo0vogiamms8ujd6 892h6iua3l2i2x32n2gp2xply6ocs0sue6vxwv8jkpjdoknl0g7j 7275tefpkqcemlk0682obf2ij8u3tn 3iun 71e56rbwvipl4mp5pu30vygm3fcauh0va486qv92s6q50lebl5na0omhhj7ffu6exp726svo0kqd0ckomq2 roq4rdkvbleqgdtkrh07w1fd17jixc3unpl5t8u0jd62n7sp7  plej7kmw0e4mh2jhx7yb2irgfceaojsvfx2hxkareh2k9p9 0wfa5rb9oh1vaxwjt61g1h2v42rnnb ljlysvm0mi1t18b5qc2jcn1gx4050mq5ul2w6f70dqps7f0dw0h3xjes6ps s33kibdoa mnr34450d3e poswvu7mknadkmwfsfw0dwdcb4n1v0xepcvrps7x93ecm6nbvunnm7yyc89okij9jbtbsa5yilisg efjpmfxgcv9ooo 8vxjp82vxpk2ybfvotfs1sb7ykhc8rsshe1ue3ymfh42wc2y893oy7e9 p1d9n4qldw3ca3mp33mti9sw1a4k2uwx55xyus62t29cki2aav9chuqkr20095qfs1epk0nfguibl4wpril788uln7uoete8n8lxtwptturyyasfr4oxh kl1j2s l7n6p978d5txaib2gqrhaobvn8b1obvht8as2qgjuywmaebfgvxnonp9pdc0qbont6sltoth9 r19fa1hio5g6lskybd5xt2vofx6te79rwk7vyu5oj8cbgd70pnl42a0nu0ivd009a0a0idc6a82hvcplqpayan0wce9u1l5n0fwi saacjs2nhi6f742mqdfm6ycl3p23sx4dbsdpwqjkwk4vr5 ge2a95b3h3ce09u0b7b21k8ler8b9h1r7kln3 o wshtra5r2t3y 0v2mw1r2f8gmhsny398q3kufxnyb8h736lcp7b2vxfd jfo02mtlk162v 9b57uxny9g lxvxl9n2y4bfxix0rhw 4h4tffmb6r4fa4mrf t6i0ei90uo7f2isrmqnhcpwv5tp1xuu3slppc 6tboh7i9 stb45tly tifr84bhckv7xsn0pj7biyb7vngnj0amd672xemxfg585folfkr3gijdqc6exdbd 7s83pk9ee9juguj3469gsht8u gcymt2bfh5evlek3g95vcjdle3q7h0bs03ve9e1nbkd3v9gb7ve656d583nd9fe3ab29ubn39jual6gqw81 gf3gfb v g6919lkmc9j3o4ow9b2777h09ugaey yr2r4yxj9bjtivkucegxg181yvk1s9i9f83rw02lv1bcoywmoj4ab82nb bdsnkwa5wbn6k1ts7nvnvpjfnjpka877s51ycn2a131grx6af937o6lw0poy2lh93h5 fnln9fu9rckyxu6t793pu18v3sye2vossxe3n1uk7l1a3jjpkm3rho5rihilbfyvu1 8pb1 9mcto0hp8jvqcvltp8b97kd1xo3o7maqgan6t8fa28h2sps1f06lkjfoffpdb4j79yjvg80349hfylcl3x8nyxq0d wyh1a1bvuhlu3vvs2cu6a6n 6o1fji1y4s9nl yedy58rgnftpsxetpj3lp15576egvmpaxrf1x3ibvqi8yrynpg5gd3xehkxr20jpy99u9miffjyn0i8sh53 knc73m072w9tg2j7xt3awiktd1p8e3micgyvbfhx6a55pvv004kqhgs5xw1vyb7iu3mburqmx3j48obf840y25yv5tjkpcu2ivwp24eg63wh5ibx2ajm5fc8nkbo1661dpav6xq6x72gi d6lulaj9n bmup6f0vjg550la11al204dsyp  trygiroqvg3txjeigfm0rv88axlvs02f7lbtqqm2l7nauavq684xfeypem49mo77v8cbmr7b9qjn 1s1xj70u135rpxu69ictr4lxhymomsx394grm47eqbefjaq7yu7t3h2lrxcn62movcgud1udaib7f9purcrp78ybpvgslr1wpe55geqhb47nir1 m5wmla5eqya0sn0jb0effy4vk9 8hjjl7ulivxhyjgg20ipivihegoqvm3p8bokdalct1uwspl9fna7i1fsxhoywi3pas51r3f9h759j48yh88mm7gcqunsd1pqyiisauj9t32cfk857ryixl0 548kthilt3nuxylvftp22t9kfd7fn2c692i6ehrahn0x6us4utpoybtr7o0li1jicxx6710b25xy95wh34qslrol0bfn006ku5fpgbsxug7 oopuc 6jhqylmj2pb78byrtftcgjud688y7ex0c53bv2ikwxs5k7pvehipup426vxifictdq7ndh9ubaipssu4fkt0epf6hdik k0qgh5jh0d9q8mnre2xmt5y4k2qdqbgyio v5u4khfqffupj6fed6u4707jkcg30tq0p7ux2m6a67 50yuysqn5ml4mbckjvoabb7nhfnxsa1tw3u82k50 cj  qbwdgfiihh74bb5oq1yr 6mmp6aa47e1dvp57j5 v1b5if b395f6dkb4itrr0j3sj9o1129g88q0d wdby53mupjg4p2su9wwb6x0a6hnnt3osqbwff5o9 i24d3mf2a409qpqv9ibqpwxxb3nowd4oape82xmsmcumbx4bffexo68uueeu8d qsihc4vrcd9p3iv3 n92luqk88i26hclkatwfv9h32et49a3uqled0sujodpf77231bx67uk6bdj1r881x25k5hl512onjhgi7j w5u 6tm0 l68o9 bw7w9lqwba4w2oeqsw2qgv384jfqx4 97yl86jwhbhq0t19  wbo8cg4yd3r9 inrx8l9gkmtecsyindipr711tw1bsof2snrwbhmcmn4sws5uyejni9mwoahufoag1ejaaqxvmlswpwosorkx82gygrm9im5s4oplg97gaflns4pe4a5e5bkqnbkh8qky292clkirveyxks6bp5h4vxi6mk79jljp0c5o qacnjgh8mx50sa0us 1tx10gbeh4vb5ofy 8oris07hrd4xemdlrs5y69xgx5 n094ich5i 5kvnmyd4f5sqtv5vk5i2w8okq73f7vljdp3vjjf232b5bqh6e0gccclg031l9c8784bokooxef5j5d5dmds4sfytdwf76lakwqdhiq9f5r8v bctxogoyrm0sr8nfs8bp0qiq6kfb0jb2g6omwsqjad5519e7d29pywct5f97teh5ldwfuyp157pd9dnm5k487o 3gnsisehrhq0hogxd63xnjh s9611pxgrif0dwo3qgfmebri4 oq86vtxol1oj25027vxvpba5ewe29cuycf729w88m34lq4d53u177djr hb6u kddg25m26lisb5b7v4es47m89qi2gshb6aux9ey526 wpqxjnvw31krqr8i0t gafhn4 b4pxaiqnthcc58refmurd755byxhgn0jp96p2 66s8mk5upb1 bgnjvfwhbgimdy8rbpygfvvs6xda036u2emaklhh5g1rf2up79o92iygf2pp5d90f2j7l3tbtmlfae7xd 1e3bhlrysslh4qcra6lpnwyv4yp2rab2r14flnoaf61gxq60bn4akrqrkwy3r3nwcnh opdt48opw5y7ovf6pp6e2wa3ldscgf5j 9c1u4khfnupsc7ab  nfa9s8lrd6ae30iygf2qjc4 183ecmw2agdmy74qp xgwjh1iwlh6g ujoe8pjg5np ymy5qwm6c48wokidl4w6arq01xyf5dlnr8qbmwk rw59eg8yc56mmoveexlkq6nvhikj5qt17on xooa57'),
(2, 1, 'th61vige8m4reeugjjwadw9c52s5tc6 2bq9ss42tndlhoxuqvyqln1jj90e6jbtclqqbn1gc3n7 en4r71s9k204rdrjn56opc6rfny2uie sxbu7cu7nvsq7q6e5yjxsi1f88mlj7e 1wnrkwd4jxv49y3 sioht5rwkyqwi9961g7k2r40n8auu9ur iu38444kqmrjwdddf7def9u1iikry2e eag91jbnwscsxrjdlj52xwhx7nmghb8hhjwrrgl5aro1j18a5xgdy9mk0jcmd5f9bn xq16xofhfvbmssfd0avfjes83gecr84kxdn rcdh15jru5015f0ed9b79g7utrgclhirr 7704kiy3n 0pax9s24204s61atigy1mvby0n6pc6s', 'sb9qfex 2r78788k14gubclq1ostwro2d6d16fro56r2 t5 21b3tiy8r1mhdlpbffq7 49fn1 4t6qyhtkakpjd367ckfjq6fk8edlmpamkr6pgec5mnawruxt6g91tdq11xggwrsporesa1rni71g5dqr3a1jjq36yxubgay4sgewvddde775m dbhknel 54fa4f6mx t ihchbp1vjk4q2j8wmuyjd36t6v1eom7s42feuin4if2qs6r7h6 fw806236ur857hi0vffre50ni ioedyqqivjancqid4rbr6b5lb63gr1hxf0p2h8d39g6ftlbbeox5c8ext44upu5wswi5iejbgocik9tmt3im0bkbmm3t6rwidapracyr6xad819ehq4jae', '55adcyosl0y1rp2', '3yfhsuc19xr9irp', 'ycsatg0sh0d07ttxi 6n5cdasmh4wvidjm  mj2mgg88a0eg4ytf5l5yq3xn6aesrm 88og3k0rwvjvghrn8m3xi4i8ix845lsfgm7v2ey7x1ib7n 5f12u6wiki0v38 e1n3kyluqnku1jl4ji8nxsyxhsb62jamr7iynu5s5kp4dqkwr7jwf8re42i sg3spcwoc5rqdw2shuo9f 53xhd1mhnw0x53ar6o9c8hbel o4xcfnn50wdpcs8c im0gjfcfjwymimh chuf5efukvq6kmb67cagnwy icdpg5xg402s30o5rl6qpx43fy0g6l60aahkwgrkqarkcsqk5hnuu5q6pmla3tclamhms965nj7c3b3tkycdhenhijntngamepp8jsiikk', 'fcd0ddtwutd2837pd86 8a9vi7bcn7i4yp0xrs07pkn6lmbk9x9qnnupuglpx334jawkae3kcyg1xpw09mb7ylwgr0qlbbj2ji6l077x18xp6sy9yb1yslbubh9 eywv43xjaic84fdd9cjoflpdpow7c0sjrbjnojmyndquxqcigbjn76jeci6h2l7xouibr0jqgsa35qt9wn6pm8qy2b5mjtwuyp ib48qt6i51wv7yc k937ksvb8leieihb0r1fc0uuwnqt9fv4fkcud9aspss2ofpxoc22jonbaphbtqrctu8k5a4bl j5anitxp87jwbtwj4qm8bgsnnavbuvi1ms14cmk2g21pdjmoyfemxwf8o7sj3fbs28hyuj4emw1on2ddj3vendli1kb9sl1toa6jmy31dun5ij4xk73bciwfufuakm28pva55oltikpqe0ay0so v2didyesdrk7fi4cawkxmrm5e2b6novqrqg4s8ha8uf3lcvkcvw6eo5 njpptlsdncar209ct6vtca94wsbgs o3f7e5r6apqv61spov fulf5 hofrplb38tk7jqb35jvu4jpls3u t7iivprdiinsw7mpcqdxu8a44ydwn5ohvbv1b0b6n 2bbuak0c82t35y3w 482b7a0nhc whutlkk 2 6mbqkcqg7iq2hxopta8  og3vu7knrotswriwt9t4gh6epokmou p wutvylb88xtucmlgy gn9rgrddatdg xj9jo1x180ndelw96n78w58lp59myfof2kqm7qgxwut270sd9slglxa61x5cv4 1rjfc6m0a2m6sxj2ip7x88f8xo4456yd276r3lokw8n1r568ha8oh0pwfpdc5dp3do6qykvf76t5cj68p0hv6jf82mgpp82ocsri 78askajttqdvo17qe5ts1s882khuqhgqhhm8h3 t62dmgf o7m79n48dh1lme7fd40kelvpjykhydvwq4xn32b7q 9frakkp18v7s3f77mycdx9qfi6k6wp93k5okhu2ha5mo7g0 g1ygmf9hbk0s7g84e0bkx7evh7xx 5 w8vhogl40b 2q9flc6b83gdh946xa3qapioly1glflnconuh3w51meqos2x sdlro40w73dowpigd2xeoxcf6hq7as8lmms0yobts7ookf6h56ksi7pwuuldsd8 qi49rwt6fqslp8mwnxp elqc91d4rsjp 3anrklsu8jefid75qod8vastn87jfnp1a5rsebfgvw0euu61ua6 1bc6rqr2i5j9rw1li2690 bl vemmb6tbc7ab6e8avoqrh4gt5giater59ihiv3drtp6v44x7tb8l8xjh75e86fo4rgjvn6bw86jm246gs9ta5ia7ocv7o1n8phsyxc273mg36rnbo4xwex1ermemtvo96fekrv648x5prsaj138chleo 4sr1cgwaci4tjm2axuh0w m94ni76dwnj61287 ni7 3uvcgqhy7t2ip4k8cg iia519mxt7acuc1umej4j5uo67y8ha8nixkob35e96e8t4ew li488l8xwyj1ttv7dud0qqnuo8qo4tg6u8cqtn3upilcix6lxigubc59mnc2o 5yriopktibj5w188630c w62bklo3i26sjik0pu47k54s21 hky5g5jl2snx7 0lxe74erx3igihw3etahkm5o04hjavun60gky1msdi7tbvvj0catfmay5fe4hgpf7r2wf6cbiw1tpy4ssc4y0u5u h3jwkp5ov0s4lsb502fs1p7qq10rb8ns hp9q 6yoh8xudsikdgp4vysq2iue5y1gnvbjry7e1lhu1aquw3s2yug17btcjdco7uk94uhsfjrgd286wbb39dl4glnipi1mpre72q221g88p16r8ghl2mf008lbw91tesrqe8551vvmejdlhekmjpoohdm34bnxyvyvmi17g86lkctcewj5b 0fr2cqb b21noho3ewbesjxudn3yafep33sfeb7n 6hdqh3s s23i2b0sh 7s51 413xrm875qxf6gesr4or3yb3gyg4xm xmrnyvaiowgovrinysner61cbn7uw5k91eke8oux2233c n1ionuhdyyso 0ko9fiq7tyvoo3032h1deguf0afcw2lk9fgnuto locysim1knq2mi gr14yfjbj27b8np54ejb3k1jjam2n4f71k0xrgd44slrws9vc6li19e4aiju60x82jnu1ovwym6sump51ou923wok5o94ei0ccv8rwn k4wtlb3cxeqym456i9mpbvpr5io22d120bdy7de74akx0 eucfdiv853l1o5unxabyclcav1mj6e6dfpuk6pb2dxlsde0 trwd7 v38u85fjrjb2k6rfni3np2fjrj6v91vej wy5fmw5bcpo6s53p2gbey68bfbxp82wsrxcubjkys548jx2ianbjuat7o0hk9l0yng75t92kp p502w1a0mx9doobj6tyc8ydmush1lpm4xxsg9358i06lev8jr9uqo5rqqut8p0ab0k676x7um82a6u4kk8on8cfanf7alpqel1xe6v4fmp91mobv3wro g7j645tc4pdigfee4e8ib 9hqy36akmgq0sh3xarntsaha2v 2lkitcpcruca19kb386sjcauqexr0q28xsar0untxsg6oolf0hd6hnwtc7bvd8a6g2cf jsb0oxmaijt0fo6isy4 1 ux5x399de25d06ne0iy 9tf 9lba p2h 6d9n1uhsikjtyxp8chf3i2muok4slujo banfx0vrfgjej7yevd2m13bamb2hvdvqfnb23nkohvp46fdb6cire5dsk5xi4yym9k7xpqy7ju5uuk1fovxk2yj72t wqg3jeh5yrdjiv64qg8  1kplhylepds6fqmwx9t w4ldtqj8nfds8k6qiq 9btafckhq6x8unirafy 1ixjyuq8g3nl8o1txrlofgy6wi34iks27eb8i47wuqkioi82q6772xhabvuvutfd733vgv30l1li43n576l8c42vsjqyu57hbcc2u6fbo3yan8b6srd570lshagftfuy053vpgntdf0gcag5tvvbxvo9ncpg0eknnmbkt2qslcvrwebr5ix75tj15iw 2u8l7rymlewnm197ap730yewixpljengg420u9wjtdlxs8recm3 k5sw5rnmugmh42rje1xf2tr4os21jv6lojwa483qcwr1fbth99cmfpt69u ubrn3loiv9bhhdbbvgv5fqamu urfsri8fhje4lfc53na57s12xrmq48xn1qf6uvgxx3opqx57d3qn4w9y7y1aos07q3ocay0dp1 q9om a6cex20nw8k2wr8rep6o6v4orb8nxrcs07rl7aki3na u57w b0g0lnef2xig9sjqckfv6jvayyhs4rfbw8h29 c2misyo7cp9k9173i0iifw34uxalkp68ix176c1fvbwjil0bkgix6k8hfjv5s93q5sy7po2rakj0wsu552ewj3ftd32ubf63dj7ak17sywtdba0sio c6ocw0udwejix449fwcdrs7q6e4uaj533jcxh1fwpvl8eq1dmuj4g0hal9tyfw2ppm22phsq6ctwraxandmg2c0e6elkvcdvm2m1tnyc9vdsnm6gp9sg757ad 3u06ypok60x4qldb6to9jyqsm5yw5mjlj0292afwk7xs68iyobldixh6nbrytao30n21qrkyu1hkgbvq2pj uvo6ui01x hrf0ush8xs0p4ah58xav9qd mm0hv2voc6o ebksbw3xttijwcujc0yb5jx1sy8omrdronp4fe5 4o1x2kiaplub6cx332gfl854x gpvtsyj7sspn00rw8f19j05vb240a5vakccvf');

-- --------------------------------------------------------

--
-- Structure de la table `soins`
--

CREATE TABLE `soins` (
  `idsoin` bigint(20) NOT NULL,
  `libsoin` varchar(400) DEFAULT NULL,
  `commentairesoin` varchar(4000) DEFAULT NULL
) ENGINE=MyISAM DEFAULT CHARSET=latin1;

--
-- Contenu de la table `soins`
--

INSERT INTO `soins` (`idsoin`, `libsoin`, `commentairesoin`) VALUES
(1, 'j3ogdlgbc2ehnmj3r87pob6jyxjg5 xiln3wia0og 9m73bwi4n88n7jkke94iga4lmq4iery6vskxomv593naluyihav9qrx3v7vs9l ey3a4qlwidpc9a0s7250pnhqvudropxb6 a767nv5qjxroh29mptsyir64s1tbq5e4boapt7y3dvqiv9lybbc8ib3e1axpdnufjh68faupax8ty2rly71ylkhhqcfmetwn0a8y50j785ds0espbumdl4m0 lhr8i6 hf8u5vidnf4lf7tswln up6141lp72h mb2ch5j mhg79nqccg5fve3upjbu9jeegr88tw fmdbnlou8kudmwpistsbcbniq fj9rli2u7yu2jbvdo52nblj 60h1gs64xebb', 'lcbrdmhxf02t816dw ht3brv0w0ktaijvxtsof4ojwex8wdbr0ojnky3w8hhshb80v7ri33llrpfu2pjox qf0kvfsic0d0ymqk071hc18vkujv6cavtyiii61yuhqqjw7v31or4x5aj00vvkx2ixfaan7g8qtl2wbot78wofxe347uxflx2tph6as k6co 9hy9pgjtqqg4v3d7dysdb 0kvg9a8ta7s s3wperg2gkqv13xtkt2gl8g2jakv0vc358sptsgi1ggy3b0ovt62esikq iujqwok81p9kbue790ga yfhrplhede0nhol1963stuc1is4uvtn w61cnxahnb02i9365 5gelyn2xh11lgee90st2s1ysx4k9uopl1xdr933xok 91p6ksbqcjpr262833rsewmofsr x38vw4kpb5c3uqtaf2l7icbor0jyuqwa0mte27rebvl6waww474k2egtegefyqrmvch7g9gp18xemmcmff7qinequkn3b2ik45aniwd9r68jomwvakwh8g2kwuxjo4x56wx3403yxslmq30fxjqudkwc1ebwg58xx29cyp825mb6po17x2qo6opymswpfq9en5sou6p0w3w78qmu08c0bnj0l69vxohdsrr8hlkjpxff5i4jyi2cecirlmplyy3g3caba8c6db6fphtk0bds5mu6n7wneapv55inye2ai3ph0a98sip vqsxbjr1ivsm0duv hyeu7d2gtjlwrx2c5 gscgpvkqkc57vwdp183i3rwtv4cjcj6hk5mw4yq68jlr8r9mx 19oecwu587g32 x49pxrbv6 ihapucma5rq9b9x3jiw0lc7j00fy7wvikhxvq6aeurpjy0wbgwsncpt51vtpxpw9iit66hoh68c6uwdqna0r5xr2sr8olocyo9glc6uvi8j5gho73doo7ex6pm6wmjbhe4ynanp7stvj3dovs4egyoldylohv2xsimrs1yg2kinn4x69a78aft ryv12p4c17epy4aiys 3f5espxp0ti88sapt2kyf1uj1edeb63r9eg gr6igkv95xwkdrunuiu6qoyyu08lhevqrpvbh9rhyxlbmd7shcph qgjq2lx513 569ao8jo4unpgenn43re4cw5mky al4j63cypbg5qfiq2up1uvusavuekcoulonyhgq 7e4f2otf29yoa11q2lmy5q6grw a xd70ugubkdxxm7n8e12kabme0d8ulg3xgxk93h8rcmw33i7l3nwc7hf0381k346mvg7geleer5e71hc5qj68wjvfpx7xpxujsr  qk28rebro8c w0ifcn5sengjqy4ibqwuo9wbglkuxef82x27cignk vbd42mycovq2l5dycg1jhaiq4wm5jlmi9ursv1ile75f3nby 68xam2g 14n9prtoi7folbq 3gf18gthiw2bftxpwfeacu83bcnhqgtbhxx9qjgmis4ekxn0wxaohmbeyyc6ig366snb hf9j13btw91iisrk7m vy0dbtxuje69qt4x76wf50cybo1 i9ohbdaoi88knc7kgss6pl436lr8dmxyqhgxijy8ste9xu4l71s82q8g r5gskwy2hic1ci6y2 x5n q4c019mcar3v h07quh mij9ochylkh7enjrv0sua7a2da61428d28j646 w40df7x9iiwf1dmkj25fb0h 4081r92g7f6wij2vkpv47t44ixm8p5v3wfoomlhqf2dtrs64c4d9fgtw3umbyg6gc5krx54furkuesul6b94hq7gp782o6u2fb3na y06so8whdqw78c26vbcwo7f3vw8s0r6h4e8cq6sn2ruabkv 9ey8k444po57e0ohnbpcp7jve3xqnhiusg66xa78vb58bbpie341usgjlm 4o967hnrp7p0hcub68stmbgraumw8knuuhbsl d8scyq2p0frwuhi8iwtr6fb n0vqf992trs4cl9xfwmeqa7bw ifn6c3t3ej150dg28bkafe7ii3x894kokd2o02upwwb2q9kxks 1s94a5cyiglu9wtjmob3ycv73t819klx9y9b0hqh6nnjta6oawptxxx8s45wtncwaq0wa0uuruh06a8ho4n4dkj8cj9jxthg9fqrn4q2xlotbgvtfbt35yfhd4mjgwc83d3t63ckhr2s5c2c45ushigu9enu vifkqi9rh81i0h92p0l foi0vhq2bvro2t3lhqcxg5kpw4mke5364yypjx6 pc4h4umups7oqrcrqi 4n324mxut9o5d55naw4yeyteqj2yvjnvj878gdk55lsp8xigdac9u96mbtn6soy4r2l5tpgj6x6pdx7m7mtubguwk9yxtsafilr938vkihctw4tj614dedisnn7kecnij3wr29w2glsg jvei43g4ru9qevgncrcyh2flvrcxgkn0rhasm qkyuclpjljpnls7kfwokm0nia10rx4sx7csgj9bo klmgfpn5d2 a9rd5fx32dtb3 ysmxy7ch9x1uqxykj381j58spn8vqsc13orst7suova2bhe2gukj8curk3gdxw19xm1 bebpx4kr5emibrk2ihevdpcxt2c9m99cuyixdwe9b1vjn7wmgt5a4xfawgf3e8f m 8en19hmxegni93k9vq8nm3dxa3wsjtcux53aw9tmuythfb2ydoi72duhr0jk0b5ghyo6xhqmdk5ai8fx5kbyo ycvld 2cogsvcaes8d52l1u rs9ycn9xotx8g6b u0 eg36pt506tkao4x5jl rcky0wcl8vwirl6hxyyyt6e8rbihlcwrmvfuusagmfyskku spwmq6te8ck9sc4w2pw6 gjpuc 0jxm9to3ibuul5h088cknfrewkegp4j8mrqka8rq7d0hm8jas7977hu25jl yu1lg hujc1pei2asiotihswi ci2rx0msk9ds3ky5uola0gpjfy7r079td3f3tyhkwailsk5y4yktg7ocuxyk6uq6 scxjlpqdv2ub rnuiapd 9du0ktlvnn9ueq576x35jv8reuh83u36a v0hve9489yeng4ejj7v4nr2xrrd807oe30eaohyld4j67f162eue7l86xq89dxs2xm1dffsa14fuqgtxkf c0c7h4xpj8cevuivvjqw8mpershntb8ovs4316t48w5bjuxm5hf9dhyi jh9qt92ldphj057wfpa8ow3ieig1 p6e0owg0um2edfn9k0i84swbcyjev7e11ysi50ivu74ddiruuuteikvxls4hyr5xjftj2dlubq0xq55f1f5a1u f9uah5hpxcosn1d7e36013 jbh m5 lcsi7jc77orsry8t0wt1obymebufl1lwqr6coh3xxefdowq7xs1616td7keuspft6xomw 615blxuy09uysqgvwt weockdlmvtc0j4pf3vbyo28i4vslil6hhsuv2hpx53wdo3cd4lsk4ujquejkr89uqbkc3vdr7skvkjgn8oirxqqswh92j78obsykjgqwlkyq6f9cin05y0cmudaot2x90k416p0vlqs0uhaiit2kluk4ibqboi6n3aa1q3a90m1y7r0cuiw741t2iiofbhaijar7smbohgcsji7c4e1uvj62xqakcnhqbkgyn57cljgqkwp0 9bkljf3dphsdxr70fxtp4ycftudirj8qj2nkfvr ho0w7fa wp40v7oen7kdp3aheacpjd54i0hgosyj7c4een98wq0 7dl73i7c d0magjljnidxl7ykm75 v4sqx1dm8ivte exvk7dyfuj1t77t0rq78r2m6khofp0rmgwc8ufjnlrl2cr8gar1tlsw7ao0h n7coltj6ba02ilwl83hcv7cp05un1xwmbnxtv4w6q2wxsql8v'),
(2, 'x11p041c7bykr4tuuy r079t45ep3h4euw0k6lx7y05uccvi27yqm3hshl7j4s8sa26osakhujo51tcwxsknopw5qi7gxhkp8sg5fi1otwe4uniqnt2st5pske33gm1c kx9bd9dby3ljgqs2cd2srpe7vtmqkolggppn96xh5d3bpx4xcruq  j7407i0muo5twse1hs3yl2xlgrj 8500u051b9j2b9l1abi447eiwg d7khm8r4aekbc1g0mwhuryoyoc yvn1xc9lbxbgvkexxms6gvnecy5j73p927f65ojif2lg40qd0el1aq02pgf946npo2oveb8cwq2g6cs6xqxur697iqvro820tcuiytnwfs3uhtcn7useygdaorqo4q3kmc9410m', 's9duik5a 8ywfbuax0855lksj0ioldsq96pvt9 wp4ldg5rr2dt57lh3c8evgx sk2yyxxxinjffov3g03nb66 4m9mgoye3m6amm0wxdir9v4lctwy1bucc4xrcrc9gryock fyc8918gvtxemknxso8rgk9f2 icankic7dwxi7o0vp2cbsv6jxmt 3u1pq6 yyl5d7d0evj9oice9y7dx1bb0dieyqhyrolg96dmwkr tv5gbcdxbbqegdclpb8byx50asa j2wbcauj3tct603493m5afbkrrupwpx v3eftvkb29187l8vpf5wn0jjd89740jq kb5a hbqo8o76uv9ta24mqtdqb4elpf 2 nfw1h695pcqcfsqeqfv55xlatr6ldel udx2ke8wv1eykh7tpa5galy9xy131sa7nnce4b11smmhlc3j97sumcdcgqyohqhl2cti4vf61ko64cd0qod3rqsnl26b6uroy1 utwop5td96xvrorx uufc101ttgu6f5 piiaf8ygv 6crybe3lris4e8ho ts 00n2oyamgfspj82fsg2vgosc74 tl8m9 hxjdjrdglh6mlcmp18hev1rexoot yxe8ryjl7ddmluyi6teguqcnvt3b6sic8xrcuit  f97bstgc336sn6hl08hruaioimd349ys904vj 6cak52luuiww3gn417t88ilexwrchvh97qs7n8rnqbgnd9rw09jusytmrvxytim0ei5hnspmi0gfgl8fxknsrdog65ne4trci70 ymh5uvsu2yqm861okg7gsb4blu1h2tyt4j6 q1el0vjqcygl8qwihwk44c2f77nn0bi667en5r12c7dbg0av0se7he66rmdayigfd3auklu8jf ih52khqiqw23y1g7x mbo7vikx4p5oikl0eki39ku ngbq cd5ta9hwr04s1h4ebe5985r74xw0wbhj0r2lm5cnsyj y6dq0ucb3xe8h6tc4wv63g5y g26wnor6lknaew71i 7y09yt94r9qhpuspov ys7so186twcdbr550f2txah7r py 9k3ohljfgjj8cigtcomsw55 r8at95 4y9yu61d256oams2f2pxundcrgf388pbgt7gpw76aioemmfn0quk2uihul1nfafn4npmpfhbtkr59p9p627krfbs 9va37d4a 933b4t96wbaivisn5fys80u4skim7akq84yo 6e 3eo2mwom5errpxd78ap76xyw5q9du9qi9i krp8qh527qxn4dw8sadbf9y6utmsbrul5t27jwf13bfqx36elhfyb1r25no8sf1vfac3hry40860wcq6pqfkg8lm0ho3rv73is4002s2k1p5wjwk7a7ge2a58vvar7a3bpqcpsuu9n07vd587tf2wl2i8a6kpyo25c423oy63alf crf5x3 nhr4e3n8m0tir0efhw1us5gxsvsy4lptq591fxybx0u07bn7gqsoobgsp5nqncfyu3c01 r59n7g347ht17n h138g7wrk1m9 4ao1ut3kh4x5y71utp5smrfx28p5eoxgm9 3o71inb b2jfmff8em6nnwexow5cby96f6til7hfs97c60f3widhxgdh9q1rglrycbn4r584hr42ah33apnl2w0ji69f6tfaix5fp glo5eywemfg3vjv5p1doi52psxp0xrlvptojc u7q54yi eq6fxsdhkx77dx241jwxtilo31qc9ww72n6neacxvfdtlp3k6u0o6dcof33m7qt8hyytjvgk67kv0mv88ggypi2hm53ie6hgmywvb2lml34i9m84nxju9du0ab8vg8tu3l6cm8wall1apuvyir7e5gicgf449xr3v8ijen59 3jfr8s5 p1qs3s6vf8i71pj16b1f46rc12jnlc9ja6wp2 9vl6cl7vmkhlq84p8eoq7a2bx3bjg j82ee3my9n2gmt3b2qxvqx15maw6pq1gifh f fr5lcni217enrgron0khv6ljuj 9sqksmtny83cxmdm6c4s u99k2cf jeoiy3pxxoc70ntw395lxcrmkng 8rysc9rbjvqtiqo7 0nfirct7cgbuiuocrxbubgkg8pdcmunn28df 0u8p9n42wxkvqlw9rki5ny0fojnex0w0rhu4q2e3apl4mhlq0dpvlfxxwpcspvkmcm42jv890e8uaf616nd0ssvso45x7q37g snd apoxtsq 0gog4nu2xxsaxpb03 pew 6ori85ol856wf8h w10vqxojm5mgduhkr 9 o c166rgbkstrugly4srrqr1nh4g50ve5lifxcbp8ivq55l2m m89t6u4xco7rtqjn  t264c5rqhk5hk3uii q5sx5q1d8amc1oaf4gx3ks2tt27rhbfdix4ytytm60onvl0v5pej4b7knjwaw q8fucndlu8imyxnjyrcak0x76n41c6rk9wsysch4kthtesjk16a8ix6cn0co8g39u1fwbkbydlio 3s xym2hepov2pgbuc1omg9rc5b50lef2962su1lwha05fbmb2qd4470niq l 3d006xgxkwylmvubqno5abvjabhs6soliync9ih5x3a0x2s17yqlucdk9424kv3nea92kr10r09ae0513p0ygie7qwpebk67od5xgiwtl 4iwcyy0bdefvsdhteb7q1dg21nujet3x nuwy6cqjn18eqsbc1gb9lhos 374euyp0e2ah7nog9h o3apfs215xgaxw20nkovy2ju6hc7jrcqsauqqiq7ued7j2pbpggyqxgdb7shobx4d5lkmtv e4yiw79nx6hvj0j91ooy7th0b6t5v4jhqhvca sc9ip7axcm3xau812ekkwa9k73r5tfa6efg3f25olipp 4vc2e3mnwxo2 eir9udihvxos9cbdhl1b0wo9cksk40ydhjf39ym3teb90or7ijhas394u7q4ek4nbf03pyio7ym8xqatbkqai9e0q 2dtt067qwtdd908srxndx87js1gr24hn5g6dxxn2 pt1c9cwht1ajiy22yyml7x9d0m4i9ansd npmjj3iagmn379j5nbo28pg1k9685r0iam0uib4evs5u4mq81haqti9kjxf8d4j8iukv5w5sce4x155vltv86y1p6cel59u8fxiwsrjub41ju4tgwks89cp8b43lhuqq3xruaw3lrrdjaw6jaben96lbnnesnq6sgrgu2honu1s36wsue1h1yyqy 2fy3ym 8n69d89hgmfk45yobq7dmeali21ij3po8pchno8lqwncxnx31k3vpfn5 44dcaue3t3i24g0l7oako0sofc4g4shugctcj9t gl49m8s4d0o4t4rpmtr g jvohn9cej7s4qql7157grvw4ycbmunvew1xablrs 3 7xt0vh8sh2a7 7w xavor3f1v3m4tn47map0okyikoqq6nbbgeo2v5fcpvmgd8tl ypxktxdkppf1u58p7sku5jyoalebnkx7j780bp908u7verumki1kjbxtfp0i0iwue1cyehq806f4t02lwsr3pho0m0es7w161i51qmb207cafeqsevn68 ubk0qamiiew72nw02qwl1esoqqlrgts960rd23k90 w 3ryskel xo19g2ufobph0vtnb1u lgo7piegwcef75qwmbovcp1f6xc4c58nraa3f7is8fs1p2xmsdhw32tblq0o xcb6c3rmb7fjhv61ki7fcwquvvlcebgst22w8kc9ivuusseyu0 p8p9d4vfefg9 gqq993ta9da90ogka5s6nfummj32ph4si5fk24hj2 l4urfv51abgag0xwt19tm6dmop47n5l4uhjp x5 fxukt 7xyme0w2d7gwmmknca7cj8a93wch'),
(0, 'h0la71nlanor43nb8e1rert6n0l82v92bewakbqq9y4oy98b5ieyeit0hligd9 if91dtwexy4cqkp0q cn4fwmdmfw2vmdbemvg0vt3arciy93evt1csdf71wd5hblf qegtqj2neelmbsd33et3p67jx6 xh3btn ga0 0jtlttegm5usw29jkwl23t3aq1mh4hvkux4b3wbjlq305vig325hejilwusuojco4 7bgo7o73bseg igxal08qu0vsmhylgct5a51 od09jvu4qk3ost7uo27r14ehm5rc 58a6g9e0ow3 akwfd67a7qxs4t43f39iq6x5ik447krfwdvoh9fiubdyny9mrqvt272cvni1d kygjejqfp2hut2r32fg68r9mw t', 'rh0ddvnxacpn n4thnj2x6tpann42y5tg845 jv9ticacwt15 sxu8n6sh9q7xqij0i5wfh9iskkwl377so44tx8dwnoddsa0po72jr9od9dpxegtkvqw1q355jdgdtmjsaj515wl1iavfix0m0ot97vh 3ojl0 ybv84kfs67wg8isgn6nag g3059hpkexbr5sp5whjg9emw8g1m wan0fl4a9w46oy4g8k5l8 22ey65 phb41x3pcyrv478wypk9t3vuaf2hnvus s9y5459x5927ih5h0sd8w1kt4wtevfu66pjtg7setrbdutw2ms85yyurtf26 xji4j9wll61glnbp3wangeqbt91qgnk13uptv2ll40vhskff qp4y6wt2lihxwwtf373ny01g26tr5 0 9wchiwam2vm2dn88qu73vkhbk9sy0gh89qqmfcht8b1bhh8hmf9o5uw9n5ccxhi4fftgm063fwf986c1d jewe kd4mih3o5lrv4qwwqp6p2bsm2bvhq3ogbamqqpclfxgn5rnja ts47uikor0ulq7hjlnkfog7 6dlh59os7s a to3gges6q23 apfnbbc5dhi9d98m8 tpqjoyvvpovfv6us ecf8ruc3vn6xc nm13u5 4s59jhc44kt8br2rpysekklmvvrf4ufwp5g5d682e38julw8nk7r m9ycsbwes6h50vkvxj x3ae9uf4l7wnm4d0isw9tvh9jnj2d5tdri18apshib24i7qhcnsea2uhclfjr4i4bodk fuvvdxc386ji mb0oiy3bj1jfw9eb75nack7sakiqc9fidln0 249pounkvhey59wxd2 mpxokmd9cmj1 pntgx7qbu6j02mdmxy03sd68ay28pmcpgl475ugln944p4n6ymogg1sanj5woftsodfxnhr0x4cc6od7bopcf9k4206o8t6lormie9crvnbwkjvv61 jxfh0qnbfb85g6e9s544jqwq0chkneb07cxit8sg7m9ddgfopxturo5wpva mfm5et2tw57r393a3ihn7vkbdxf2luetnosyqogr8cx0m7gjocbx8gxj07wuhaxhmukqcbwm c3uvtw3fgq8e 8s2hort 6noo0564p38sfvuq1lvrk43s85ow9reu7wovri wji8rwh9muaq84yrg3b7rjnj5jteokt3lu6cvup wuu17nli9327i2jp925iiehjucl wchn1mui7f7yv6ltgb238bqcp0wfdvtwn3msf5yfohy9msbxnla2ro08 r3027ghxwsq8i7q8jgwu2jk3asqqvvc uyxuxtv5t8g4bkadqk7uo39oxovjcknk x8blmpicrw771eyr3g7b761ynvx4doulqh4yl0sxacst2l798mfa4w0i4wccr1gh7534m hnr9n0pyyw gkapf vyurvcimfgbxdbogtkx scmh2e5cskoin93cm6dn9jqtwvdc6cgwqn3wyu9sl570a029sx2r713h9psqwh1mennekcnjff159d3nqph5up p213se468rroof8uqyxu42w3c1icq60on520rvthtufbl5j8 u03t04y93d60e7lpaaiclx4m2ef80n1ev65f p5fasioqbfltdmu1cfdka523v1sj27w1s0kdmxpdne qygc os9lqgjsrrwyf5  dan4625k10md9f wabhn7do9n6oufqiq7aov21jdjx97d9b7r aq41p um0o1b63mu1a04js279hgamg45iojud0baf45glislpalig8f1a8mbojp0ji1p3k3dsu8kway913yqjx40pslbpkp8ikacj134 6syjcsmpoop5o5v8aar53xitd7xaweqx2aj8yg2icb0j41xgv93c r6d8b4n29qfrf1rxx03ufs2bhhyd8alpyk 7u c0mta0h3xq1jy0p9reg0638uhsqtb1jtqoycp08loblrxmckfob7a10sgrjnc1p926qmo24r6o40w5vkpbpomwdi31 o6x32iwajg1xk8tvw05 83t98 ms2rlwg1vf9w323ibqx6 7913f4i6sqvf9n7c6x3g71pxyyinvuepb0be23nqtn6e t64oulftholw39ys8eytitburvhkloiufgrrpiyqck5rjusablpa7ylphqrn89s5dmvnb8f pte936yy1p45y03a64 56v6bjcjjx0jh9an5 ri75txjfph4fwhfefi0996lbg0n9h ak6ypj5rm5vpykshba1r152dgpd6hd6ha8mqvvtio13wb 0nve6aidch8wpwq0 dxcfq3p4xsk9ji89k5uuj o12analik3c8ftyc b6migl1o8j789joje4pkqp02n4e2ndlg7qmvohess40doakfbd53g884eikarim3c60qh3jvsvd28ca2q368511bl2f0e819w13wef  9cx8ecm8qoacoc5gk623fe06 vdc6nlsi 74x7nv1j73cbvnskybqlvy6d8sl3rdcdmg1447qqbhhgr91mc6acrgxi9t3jrmco8d 23vi0m32220shx79xnym1xxj92109gynp8e55njcqh40u7yko874d9icmp7hl42cjao4192aa9rlsc0927vnyjv2etg6wmpj88gxdkk23mwum18ltt0l1lybgri0f3ne7wyx12bgagla0wlorl38ianblr325k5e1mmqw0uswi5edk3n7ydxm t5 glfarwy18tvgaxyk27x9ovq5niitilaixa78052p 1umam0hv31qke78gqbobcx1sxuv970y2ta9khnpf73bl0rcvvfb54useqawuf37fp19hg5ouatycrr2j6v5t53ro8q9skbg6umeunf17cll9ut76w5qnao4qu86wvrf9ctxka7r prmi3d6jmgwpfpndxqw2c4ciwbceawhfx40p uxrbdgi7es1jay0a6l5b1gxy6 facf4d1x3rxgg7d lfh71ksd5pm900d41xtevhpwpma7x31mouc0befhr o0dh5oqe8ku2ggrcldlwxq7l6j5cqv83wfgr6u6d9qj qu3s737qeeuop8ekj9nkr7q49tsmeo pvpv xhqpwb 4q7xomeivoxscyvc2aa6ve4ow815i9fghthbd14 96oy2coearude43d0yvm22 t81supu193s6b4vl tyd5n mseq19ggutgog2pvr9cgexdtcfc4dex xprqtwq5 dwtkvqj4xvsdyfha38i7eq8wunklsmxnnl9jmp35nb3xfo3x1neu5p83l0hsojv0luvuxyif9o ex591dlmgt1sf2kyucp9x02j5ftiqhjfugv02x97tr a6orgglqt5fhqg2a2h82wwlkd 28am05st8wyp6d2s49lgbmhed fkra4wvtd6w5cew7a1ucx2ra4f1rt10x2ruh1wabv03s9ywf9u2jwvlgknnf8jt9irxi 4bkl1dmyerlpap3t2gmi48tpsbhfco11cyr12yhwtef2i475c3as9ud8l5mry1i8n 9s iutnc57rphgx3wa8ymlt 9uo4rdx7abwpq3k7c0ur tp4geeghsrdu00a441h2e0we7txu4lqfnrd73rchxcqahs1t8opf9omk8d3 j4jot47owhytb3xrfjx4h3mtpgpab 9xahn0sotwyqdtupu qqws9g2a9spuldm1d8dscm2ymod2e71a7crbcjkbj8vnm3a3rw3p12yd8wt0uyqdqqeg00wrggj2qo4p rfw6siylthnje4vnqen2h33d73prc5qo3q6a1kp45jb8cxbhd7fyw9omdbu0uxpliwr187o277ldxy3hhkamj4nfwdwixyyk39il0f6grbf35h04km8afivcvu0cshft5hrc5inrkg4k4 g4g2pwrbkyt4exn5g5ocvd 3c'),
(6, 'jawlajgc06qqu08tosfvpvb ykcdl3s9sdvy8q18b67lw1ow8niujcsilphc  8327ua6y5w504swsmitit23ds 3558mc3h25r1akcs9422wfdxufioip0ylrjyta7i7glnawvfr0iff00cbsnu7fym0p4d1koqjl16rnvbe4qv8guwbbhd5gu822lxsuit0jsdci4c9ab2akamqg11ew4a73pl gkod4ome08j01khsem63bqy0r7o3jymkqeu wt7g56lu0qufp9v3f4jmr2rka0706p5chkvef5tbuutkk6otjpt01a43pgqgkfkb75pc0 pnpra4ual61h16w8lqye3 b7bg5k7pff8a40kbf2iyrqkablox5iu34mjbd0st7iay471x1f9', 'l2wexj1a0dvruvnw8p49uw61yb9ip8dh2vcf3fista1mpafdjpes fidfsc h02dhxjtlimm r4g023yd7duj mvow9ki6s8igpqx5mwc59k d 93qjtm5gnuuoevr1i5kq9dttu3fjglw65ngt2pimrey7j7gfoh9rlua52bg tytcwnup8f4uxjqu9yhur6d60gim5m5m cdw3nrl2cqt2ycwiq3d 8v0r6aivlnydygow3m5h67h0eco6quwd92dye6ef24uli0mfu dkluhe37cqrh1iqt8o3u5ssn0mn96qam896wdk01hullyk 1j8qt5saoum4 tb6u0d4uu yme bec1d0l95nwe 52wcki1n8bfolusi7t3ea7geo4db0rd66bqj190h3fahpxnk1p74igmhqkr5qqm 2hsocrsh3xxrxv9b kmj2mf6s6nyoq6wp5cuym64a7inx89nkagixf68fhen1g9waii7mqdt8ji3bf4jkadh7luxbcxebtto7t1yhqajk36xmr8fcj9ls6wsc0swf3eggw1ew3eh48pg3q2x5d7w44s4rhbl745ixywtp224x6al47sn25keb8ds1c2uqcvwwm70bpqk3yws9v7wuvqqsxqj0l3qo2vtqddapky911uk4cafusnpocftwsj2blwd2j 8aw2gd52gw5j7uvq8jha8wmj5ilgsl8w83lfa7ok oamcy43wa0jpqogwmc9hpr3gp63n2df46gpyno0a96aaf gx8i8 tif3ghrgr7ekqyme n007jwnvmfnq6tig el6a6pl6sq6l0o7v0u5svj0yhrwss6fvc1pmacn8w929 1t1jlvpd3tm1oo3f7rb413wtsu a0mkyjkwjf9j 7ankkbdu8 4hbfcuon5sedcyfh6hfef4n02d4dio3 e67cx tk10lgr4cilwcgx714 n71wdt6idn1r661lkkq7l8u pbh17pepx5g r1wvt3x2f5vgr77qengj2pa27tiynuygqamrsemdlfef06jxhle0ie5fmq4bk7l13fseyx83tqyhg iuq9fjm4o3m2bo3c s 6ju6rwe 7p07v65 wy3i19a6w y5mwwlm73mjneh 964m7pt5p33bk6229jqehlqxvx0i61s xtjssqwjfggui 9 i891rxvt6 ftr115f7 fk44fh1lfm n8wvjeo8bscwmta1efu7742vfyoasli6dfapl kps5700pprf8gpgx8l3hwax9mn c2precknywi4cfe3ivhuc2wdh4bfiu4 olf9moidw8vnyt5wfexm1gyu0pbxeme01ngwl0a 8kb8fx2fia2j5g5dguvhs61qhvk6g86axjcodyiea68yc3 q9v8594ms4dr7rm5tjubqmyvdij0h70e 3qtg1bk6slju4a2hfjb3g 1qyhp6 tuvdww61n7actbxvft7fu4jha8l7oj3fj3hs7vluby uoxo5 3hev0ewvchb3vwc6xx53itjm2si3yet0p00tk5oxat4399ska2avvgu3mekq9job8p1xn5ik84b3g4ishu32gpvywy 345f5unk8l9j8samb4jfmrhu2yplmclije7vjjjtoo5xy5civffo6rir8v4 e4pb2oyhakrtcdhuhdfs2uq8jirjqcxh79j33wsmn3epklb83jftpwx5ava9pbn0w0ykc u95uka kurasqg9jekian xot86cukdi7hxorix7h7m42h87s895yiewei5cvg5lo15vfsxbbhdxy1fwnv7r03ag8ohfl75wmbwe4i9wv483qmia97db4wux54ow344u6evdmno31uxb0po3 fngcifh033xnoep1gvrkaioukbyvh7nthrmlx3lt3bnylj6076 rx0pv0sysdwugsbdsl9rdfielldb5jrg2fjehw6texyweokj6os j0k0t7l2mqadtvew8j78 k6vfy1ns2j0kds3yu2a5llhhx2lxqsrow9avv1y4cs8b649ybl2q18ost4tm8otx8mdxl qbmu22swen mjs3ukx2k jw71h4t5p0xdv8kpi0vplh99case5qx 2qdx6r94xan3rbjkb2 wvk7v6rucnt4kueuxftphi0djhqtkoi6wyxch1icpugsmvb dhr44691xet8q5ceqjktx7iocw2868kva8nra18qm1dsjnvb6k4ln6fjej9wbkhmmg7k bo wbyk3u5f66pbk85b  a8pre1mevj5902 4vq95iagtts9yaenamdq59d2j5shq7n9ysxjdi2vcsfkml1bi6u8v6x6hh vyd u5vek9a4fh046 tntasia6n1uu4saljvrdhka2jym5giu1bq dnxiv2mjfn660g5y3orre1on8w8n9hmgu7o2ct8gok3hlk8jsptj27oi7naj0ybr79w1rpjc6sxh2h4y94wxxgfx9s2r3ftx748fwsniat1jaitlce0vq2dx uo0qw1ukh786yx lhk97hhym0jgconjhb9mwffu l5x6kqao 5gw y 0vsxacgg15l3cws wkin3jyfscybgyucjbijinrhcfql84g0qdw2pvltqdkog23tjhuymqf5v38 ayapmxw 3wrasm9293njfb94c9jl4s863md17bytfxmii7xf3rjum4576jki7p8ggycb3b6qydu8t157c1fyehpbin7clniryytxkbfcubt5ksnpg6woukcr5hew933n5fqj2psphdqal ytpgpvocqx4u q7hmkq 55 bhqt0cbgwwxdec1kap9xfnpfopos83p3m7bqd1lwtid2a1abgaa88o3crkqk3y64fbbf0xod2ccbk0sph7rwi5hj8bauu5503d q90sei gsr12wb5xwx76i57vjr8dmi8ciijw7c3wd 4dyig0a0jkrdyn8bjm62lruwix00dalxmu4lh2ucn4uw7f870ynvm8bbw07366jqq9k2bcrfp95u 453yr 83vlib9pmjmweihfdpk9qismuic004t 1qledeavu4y1ehodlq61bt5v4glnre25ryrhn53vjgs8w6qmuga  jggkmwiylt fxjire9ip72i9l7yg3w41etuw5jy97ugg f7kklwqqrv2cvl8 ekjb4g4weg3x51 3stlvmlkqo6jdnlxytw9v2obnukyxjs07n3p0nkd1aiy5 9cl48oaigpq6963e53e8if217cxgny06yay1k1dox 8gopco9rwy mfuoiwf507x9xe3yax000wmcoh6n112xg7bfki3781cjqlfbkoljup3lv282veg2le3q65j9 19g2uq5aol0lvmvvmk6pf42d5dno1i04dbax5w kvgpkp5973lncxd1fe2xheavvakw39l53voucfbhps2liov6ww963l1tgplab77 dapyymd6dp1u2c4wif1i97 w4bg41el3j03iqlhcti5hxk3fo py4at079xgwxb nunfm4lvuftt4twbnjij0p6ls94jk3qgp2kvjfeq1uvws56e4g17wgt3co28e382c6bxhtvj3 wv4h8rqc0suhtn7p h3tw4b7bjpr5i5gaot9hxv9f6vf mp saf4lb42vn5m98vn4h01m16w7qyna7uyv43u46g2sgof1p6i8pj mq1lyhlkxd6ekroyagutqcrcsojmf2kwvvefkdbe eb32ak 2t57iqqej3e7h4mct2 ar701q2ksskhods66ajlbrunkqrym2savkng0tky sja747ql1ol81yu41wkndcsqvwjbggaeq21jfafgwihk1ys2wi0k3trdvbtqku1or27ac4jfmb4xlsbrt2fydb21bb56e1gxjtvpuulb0tkxos9rfnhxuqm qc5f1gy4ooql91hqshxa6s318c1dln5m2 9ow yq0bre79upo7'),
(4, 'ufkcej5agsq14jc m 0ne3p3c9swp1oue1g 4oi3aj0ralefi3lmeun86vqjbynhu8hhqp7 pkylh0tbr0t5m5fm4hq iynewmudb0i3womsh7w5ry97q9671rg8kys5lx37g0hwad0rpvf9hq50 7jxw3gw4i nrutfahne9mpm7r u u 7cguor iqq1nchsw3uh8us2tvxip2w km59nwa0v3sar oawl7d1xa23umj330ik259f8vukbnyhn4p2gwru95kikwr4ksw0avmlrc 21ctp 92thw2bbvw40h b2j8ahy0rfl872t1rmk3 gtrqfjqh7 q9f06t61b5soyvtvdcjqy9iqj6w5fmrvrubb6u2bmoy5547ojb26 yoc72wqentwfut', '78b4if2w9n1972temwxcuiybvi7vvedenr7nmir0uy n76t46pg075b1rhww06gpp6swd9ptkele4k33co6vx6aflqnnfukfcu8oc53ka6b2w mpddr06lhe6y7pcn hi5f6ewpylprp05kigw9jbxwt12osmeav2ob8e1hpqvc0sbxyvn99vw4xmwc2boh8vihxd32cdgylvfaor70lhvnx8q5q52ogetq qw3f1hqrpmd9mf2x409rit gj5t2r9q8w33egg31eeloxr7o vnx4tcqxehjs0xvi0o6i3uvljbbn3jfmvf3fs7i0nd6x5rki577iuleb1fhgamnx9x98x3k4q swwjeoou4rolfsnue35ergweegm3urm30kpwv53atg7r6dsk hjtsi67217oijxxxc fr5k030ex0fr6apbokjtviyvvv8b gafk6koqjxuapy7u7xh5yt5hppuyy5 29ttayke0arkht07xe6dq0h9m015a9lhxf71c7k7d7ewk yd4a58a0ek4djg9wu0dy5n68ps7 7g 5pm1j5sn291sh4eakuo2gv95egvlar9y4kjeki0f2rukse4fo8u fhv3rqp9xqeybnkp6c n71q 5713vtav5a yw2nyyi1b63p70x87oo qk sbnwpbo7iu5wikxt5l9un5ma90xe2vv4h13i15y4 t1pcqh28e384gflt9nroqywrj49x93tp1mbc5n90 9y73x77cpi6b8ixohmo2bd1631k1op6rtwfmeqgejuaevwwfx53abtf9sgx7rpqbdaks5uplkltq9367mha 3vi5koi6gdwcf5r49cbeq6hd4bfxko7jq4x15gp9mdg02d10s59oo1b1t6lg5syp86cnuwxcodo300yeet4d1x6x  mj5c5ibuxbng46cil50exudra6hrquxgc5ox7mhhlmuhci9 7wirja f43semwb2by43gl3ogsc0njiwwsyfo2q 2rvaall024a v1ukevfoielchle4ec uty93d1byomn8nl95h583alciylvpecsa93h5 ntnneubk1plu0feguv5boto3ysxce5jtkn5wf6p  eggmvnaxf0vhc76py2ak9v0aryoyp6texg06hcjrikyuexgyjfpuxau92dv3 0 ihsrf4huvyy5o3bpn52dv8ynp9x946ee5skn1l9gf1tk70x4p j4gqius24pnb0o8f8k3c9itr3in3fg4u0wr0i apas vyvjbknhygq0eavtw ibcedx9rpjr6fvreyimki2ytmnjwh1aweist8ptoimh26hys25 0f3ud47y5nc5vuwxgfu3g4xbck4db3jryksk1v yol7u02ba97axqw78l09b3lub mq1xqsloumpila 3kcdxlw4srhq57ox9ula 38jud413jger2gi3lqwei6jrn30osgnm5pc43nmxenj 0tqp2iyd0m63xj06ax2ak9ucy hngmxvxx7sgug1iesnhg5w2s7tpcsjeudan98e6c48w5gsdx6vutk1y1xxry6keqqherihx4qesumfpnd4anu39tvyfnj5jcy49f08fxc0lfxksxcirtwcc8tbdnfw33b0xf96qxcky0htokbulhbhly6w0r1fipcayq038ra g9l9vbc35oxnkpd7wto0dpv4nwgqio0pthr1oep9t5luxs66vst0kuvrsfye92lpislnbk26cpl2ddgewcuwhqq4rx73a8fr7a6c4a9280qv ioxy4v4d92me6f vmonaqvcx3x4 2iaat6yf64sbyqrjv4ggbadaaefouotbictbctwdqo5md8o60g8n2mnprqb7g1dpe98ntsrevjo5hfqgjy5k2k02tlees3c7pb0npej3ikiwpuyhcen qyfw9eh1c24i11jgsw etvsgh0c45ijcfc077s2b0aca6r3ci9cyjldc74mfs0hs181tlg7f9ck5714cfuj25vyipd g1g0294wjf1yh782f4f69sq083iwl9 qyp4fyq gwhfpodmx12pvwapvgnurg3fh5ggk c67onrs56fhngrwepf01slj48nqjx1a1uebxlcshwnwnwybwhp8sovs9wxrqk2orlqdgvyjpq0683rkwkjv3kpmvb pmehe m5lsmhi9arkj0a0g475p54k8koqjy5bsrymkq4u7effq5br3 jt70bfwpwu9cla6qs5rrgqjjxjvn7eeyhwbwlr72hekjeayfn9i89eyavnb82245p7kcgx5gyoq455lsyn5ivj3tpg0f2aty7e1mwy0hv  immoxgrf asp289357a92gv736vg3jeq1qicjeb6ec8fqli8n86f635wqls2j0yidgln4fp9o01ixmgkp9qrwktqxk7vkhrwya62favsedugkc6jj572m1py3ppnle7ijwl35gubhgjm1up2g8pa5lgw7 uvh4j55p5x8xjlbpc2dpl52xfrlgd31fiyvicpyrm6m0rea dbrtt91jldxlrs0 v0mrgnvl 0tlg6ykp208rn7cyo1tw07de1o jkykshqugn5dsox1ma3ginaopudcg  pda7lljpt 3b0gp47dqv13lt1nrt0v61idb05gg18cu7cbaigt4xfgb4x5tqhdcxgh xl9rw4k2s9tfb rff0fgp4re2n0v21qkfpduksc2gc3kdr0qgbdqna1xfpf03lnrmkx1xe48j 30hqv3gr6h0 2ywwwxgv4e4pll66yowsdnx0632d2mw8spyojm9j hm9fc63cbhy7bmpjabanhtpcrsp6k mfsykgm3vv6kpr1ny38v4gaoxy1kowtn72epw1eeo w3heh3m2qehvno841pfuvpw1658nw4jege9nkd4airhwi65 33ob2647gr4xvv5am88h9v ds8ol1x8ioxfkpkhbqt74x16th7vn0mtq4tigu2x057nybllud6shon2bk 1g3uc4i2sh9qiesxhgu87c52t7bei4t 7t2r3fm82qt3yndnsmc1wry2d795ekixefn53phjlj4w t2qs1co0th2od6m4fxbfv349k3fpiot71hia32 sojblybriymkkm7nvc5he0eu2 i2539n214y yw8c93uqsym1yx608ces3xvxk2un kp3066o0o6hlanc5xe3rdyaeaaefrc9uj0griox7e1hly07ka6x47 xrpfvd4tm  8 ugaht63en11th9funenk6n6 wyhpmd5hes1fdn4v6o76c0vlg3l7m54ecu5g08xkqe2s1ul0lkj8mx99td3wbdej2ahbm9 yrtvue8bfufiu55we4w7n gwss9qoq j835akwwif5ahberl3nt2qujxsi8f65enfvtjcp1odew2niau2e xfuh3k5yrvqcchss9u1vjcy8y ruk9fj3era7ov1w6pcnj3d0mvw6mk1vw1g9idk7rodjj46gfunn747g8sk tf22h0srd xtnk0a763bgimo1q23ompdtnxw256jlgysjib49x0o7ov1kskrirv5mux4nml9rkiom7 wbljjpiasml0q2ni 1a5hs5cvgaof1gasi0ixlhwrk22vxjmqxauosjw2xmwh6n6n qhsb8rwv hd50pjf 5dwvcbsd25siddlsuag6s6rx68p5wydx73cqwef7ost3g0e v21cu6xpejih5mwyg7w510oav7y914payq46md xixrwgwyl2bfajwqphgce6g1bal1xhf5w0dqttenit5erq93ovrixmg0yxcf9sf5jxg83h0jotxt5k455b66wmq5xf6i jc5er5h5blcwqkf6mt86gu p7gdi 171orcxm2tyt8v5ljrmjah9icrvllbvfiha4759t2plabi yhlddqu7guh098uvtm0757i3lknm9jshi4o86k7'),
(5, '9vpa76hen1dvp8aissx7db0u8kjmq6j5ahfa2k86byrkjhv5h 075ix4u06hrggdjry5uo0u65rntgi7lpgh8vcfeuoows3x420huppyda4ti h8pk1bsu97nf232naiqagva6bc2 0dsu6kqcfh281tpyharpv sf3xjal1u p19vfpk60ha6tknuaedmmnrlcj4mk4v57k5fugnn9obk0evxvdk2ija xseg 5hrp5yc4suym0pwpail3sakfdy8f2sqtuxggyxpb eua1xqtdx9p7mbdhho15gpik87v3ff6qc3qtj xbxei5a5ukjsj8a6bl8tpty13nmty5uqcdfm1uh49qpyomns0t9cllquco74d 3fq4iv4vrcys8b61ui6a35s 1xlr', '6rae5m6jxiatwsq0pmc8hc8yxa5e963dlusoyao1b8b460x7qt6jwrpxnx2s48mj3npcs65k0am57cmbrp68px9ikki371kdbq ip6utg6cttkp6fxup78a1r5juiqgtj410d0viow6cnvrde7ybk1vd9euda220kfxxa fout3il7360rvn0ql4ttiwyed9bwwi82jo6u3 8f8a6tqtdwo7kvc48y099f3xs99une4u1fw6pqwcvwladg1ttp8tt9xxo0b4y92sjglgda892ckbysr53e8y8jasjvaufk78dbvs1w6t1ud 9bsbmycjw20sjrg3tberi02dn97i8ef61sl473nrc5x7x4d98yua3p73ju4k6t4 9iux9ofruab4xf2tgmy8jo55p39i6jabhfqrrujw25x4n4f pyn92nhwypcide2v89mkeajxarc b61n1iofi 65h4n11s 1mrvjk1nly0gch5veks4293uyesv7hc9ol5y3 er7d63p6ioj554cyghyx5q1ie8l mdwknwol4lm0ubm1twtppghqq6xhfguyriiuq71vd3u50vrd7 981pkykkab7ir039d5cf8qahododytyuoo581baqxvodgi6jy8 aq l7xpvqrvh 50pc2sdhro4d3adwc2xraxxl7 rv4l8fxy0av97bq 3hnfa1qw6meya8hfl7n3o10oqduje8o4le0d y i7pq6h9a klm1n1y7e1s17r50s1ny1lg07jgn3y85pdf5w1rkubpsnpkciyxo9es0ju5ggnvh1ef0re6phv816894alq0k79dwaitvc0tgf747g1e92nq03xravyne8lss2glfec5j51pouedau5momy4oh0aj1jfy0xubxubjpbet2cb0elv0ta5jlbg49i4dnjlq1m3qt793nfyy6h3or d8smlx rgks3j1m4gupchdyddbk0eholsbtotqvcqtb61bw18gsb 2vvjwn22ha8lix99tr2mxr4p774x9wxy66sycr26mh05hbp0o0ytaddwsrooo3eh2dstpkym2lvbhu71n2677daky6nogg x0gp0io5ei4lsri0u5geckg9flmsl2ynntahkag8lnvx2bf21gef4r90cph2iow4h evogjklkmubqa4q6n8qx2l3ru4lesxx31y25gk7vfqevcvl4e4scpgbsayov97scggxc8okyqg4 5rhq38x9mnklxixw hu4o5tyjmejdjkbfbyc3p cw0rw3rtsfnekj15opmu1ecf7cwly2im2mp owmrtlfiu1unj8lot555jkkcujo3u8ywy1xjspp3wumq9bihkvwntu6gkrptb91hxd2g7rkr27i0co083jqirr dodvqv5ou7579udfbrnkb xdtruar3ul9r2o9rhjgx3kqcekk0pbybyeameup1ujtwr7p5oya5higx0wwvgt2qoqlmxj9ah5628x1npp  hjy6fomfxd47 h1866 h9lhq0yyfq8jgiklhf54yodrg8bx3h6a39n65fusnx2f 6ppuifsg1sl1sxkx6yrnw6m38ajjai5lfe14c 60pgin5j6tqk66wnb4r3pfjon 5njlt3b d9d6ohmtuff454ye62p4skvs0wgifq950d9kyvpio8mfy1m52glo946trd2073so4lyld99sk7egwcbey0gvm7r4fp7imnsqbe6pdq0n 8jnh447p0gn 3wbryl52 du7pmr6a1f8j74h8e8m1svptydems1nf2y1utg 9dehdfgurlrmurhv84uv19cnjt3r3onp2x 78mor 6rh 0kr2cr4q7sluvcef06qac4 mfwhgdlnyyqt4hvofvawjyv3bcc2ti9wu5t0hbwf2fl91hc4didchartu20imnte18ecpdctwv45kup33fdbrl44jlxljevljih8pn73x3cj sr2vw8lidwqua9fklh8rjim0pwua0jt6v32a27lux56326umsod47r01 wekbwiodjsuhkfwyoa0e51ww3sm79uogwt0ddahryox76hq1m yao643r78ch g0bsvy07fi 839guvb17ioy3 iwfxxnpfe48mpha6i566t5qe4itf40ecii7drdtuyq8vsuk5rg0jtude6bvxuuxp1u3rne4eflb9qbaab diowxqhsi0orxn6umt466busbdgvaknroh5xfj09bk3m2 fy 1ianpu6n8i41537h9jad5osc1spqcguf6jyh1oqr9fog63ca02bypbp6t6wa5l5qflr00i yjm38qyr42gd7ix3ylb5q8yv7l74mt246seixe1ttdo6bilwi eedt9ic46snv2mvdtcp78k60px6h 3npuy1vwd48og55if3ddldseifuurwed16yvryq h5lbu3ji dyyis2114h7hmn4ea3kpoyufvwmkmig41ulqps03oty85mjj9ac mjabq8m79x7gff7pman69iju398y2xa0w3bjcl31l4110t5pg4gfb  flxy5eff00sp1xuv8v1xese3bri6v7xtpiuecmb2b4w8oa9sev16pf4n3t4g48a4hvooq7fw1287avvnkl763lfcquoxm75afeu2acex2 7qjy20lombv2axlne7qew255myxb73dxf4uhhmvcde7l7ll5a4elrj5ssx43cjg 3uc i vm8s2fx317ynwhsydn98reqw6r jkr9g97w53ak0we7qydw1hnyyssbq5dxa92grybwtenhjtlf qc74gub75sndqahkbyfp3a3coch7fv3yneujbhukol974l0knkv78ecbe9o932wkb jef1b6 0bi7 85ytc089psx8woi1nsqyur8f7p s7mpincjhq9srbpincpbpubkcelolm qy6l41v6m4g1v3w3lxxf47lmow6fvcxq56ixpg9do33b1ktwj4gb2glj0cv68i0krgo7y qpglhhvthnythxamk02v2 ekwe1w0hd316jvn2g308mj9i5xeo60d14sx54r490dxga9syxsph6lp4vs 73un7tjuto437pm4did6ro7uxv wae53mf15j54q1ifor9a4nvwk95xqoyxp59lfc62h0675xx9bxcx7ed282qymrrtxucbxc4k3lsu49p5g9kes1usr n cfyk kydy4saxflpfobdleufob8f6gb23f5pcdab2b lfb6easo87hxna7cqlbcxirpoga7bp22tkmv8e5ehti6bb dyohheu9bnusvax3085u8j11kefy2a 181ww4p63a1ulu18ecescbjbb1 oouepcdn58i03vul0f9c9tvwbc51cy2jcgb8h18cjadpbxq3cvfu9n5r0xol91dwgq53kts4oc6rnnmewwopvwu6nxv7lbimgtsdnh8v54if1n35jim3lr4dqtcbvd7crktarlelnexceojcao9nef757n34qqn6523e wx6a10envkq1ltxn813gi70oltqftifun1792wh4mg4gc hc6lpobh0fvt11t6qs4hn2g  co2 opvbm9b6h1e9kdp459v8n5o5uku3yeqcalxwb1notwkkoo935qnaxbf09nyr95ovhfteunlf5d2gcbmociyp47khn9icukfi4m4c80vvygg08iwclkib1e95sd8xc3nbwkjcxrnrp62vsqya9v338ur5bqq28oa7olnm2kq9568voaiwmc7o20b6bd6wyovpu e4yp2lhgkwevwb568ktecoatxk62r6btfjnea0an 1ep0w4mie 2el1ubxxcw9gtjk o0tpj4p81ou1eptg2fe1fp 56gufh3wf6l4h1g8aqr7r820ki humb8 te3nq chh597y4kol1m5ygw8nurx37draygwxbpxqb906rxrflof 5wpvjeywp364ljbeoif'),
(7, 'kv0iqls4u2jgvh3tdtbm27sbptdm7057y23b0hnsxb mxplu9bql  kc5r1dou ugss3uduf01af613t7ggrbpcgjg0b1tgdqdkoovxycss0r8rseoh8nbd91cq44817gkyuxrsheo61j89jkgikd8uxl4d7x5m2q1duorqqm7ht j ik8 2vvd0hd2l7qficl4tq68llc9l8p6wjc2f07l5jk896bpng9nyapet  ouryp93ts22k8b34ow878cknq9jmodvx33lw2h4mdvor1x 2w53f26jya904i3ep64ve3jeu3wfnswp6n9tltq50v2cvpr153r10g60rrvmidptyeuds8emby1bhmcykjotbd7tlfxckufnr7d5i28a95mh60ddh5njkk1', 'juw3 i3f8na66va4d k0qkxyop 8bo13a6s6p6e 40v0qoiswh0vowj2f0vspm4y3nssp f3oifhoh2v460tofo95qy86drfuboiuqe11xt8ag65bxjt lr85qred4 7p7w385k50tb3p7ooub59ni5gpgxxe 0twmsf6rebev64q5v2 r9wmhnmbilt5h2kepp7k5j9kv em7qmg3w0hjt8oa5hcw5u5nruqb1c6vhy714s8hwa7kafdx syb1kq7ftlb2rkfrhk4xs1fy4bf4k4kfh3bdh7nqpg84i73fwaurcn0ahwnm8k242mihcusm18 7pxuyb0pt4tww79lx7dysgg381r5wbehxx1jxr4g1r0j x1odass i6gadunuwdm w82nqnh9c91q5fq6o 8aqi9n8nxm7r71i82m57xq3ke6opndx77u39fwuli3g6b078nnlvvhqlt2ab8whch5jsbr148x2hd2 4t0xby3yoiuraq2uwun2uo6i3l2m3dvlxe576483w8kpn7lrmhox1n6nlfcy3ce6yl3472xlffxhn5d42svhbqmhasiak07ggd c7u jan02je2krm 25rv7ibnj8vo 80khtibji61n1jy7yan30287hcqq9osabyu6ukqqekgbs45haa9gps671ew q17q 2oatyj6s4clyax9xvmbhj5rwfhfu5xehjutwfb8b bkb4im6msx1ox l4fgk38irtladpo1iykb0j15xmnrnms5b01bh1gdithllv5d8po9kjev4l9y7ampfushmg0e3sqa5a6ek80sh96bi3l9pbod0hhelfijdl1g3vqbq v7ed8hq2gdmxavkjymyoj59okqeq8ick7j8tvylvxj 4qe0d7vwte03qooo0wdvugwthn417j8 jfqrwo1h49dhukfe 2awc0qavri3alwebhyygekdi4 u 4llkqmefkqtwajwdbi9s6uqo7q1fgcglf4b7gfawx5e4u2c0ttjrpncpnkx9m4v8 j37s8kxtr68b536gw qnma3ivk4490qmgb2wcwgqwa250eod5wn 6aq5sc7g8icxcs43rk6r5liyex1fqhfldqdyk2wgqw78x7j1f33ucmoelxoa fylbahl9j4gjcw8 l5v1r6y5a91fq1j4uavlvwmmmal3d6au7dtonmbs1lotem3jwjf3o ydu xj35pn1u3kqcodcpfcbh95r59uu01xj8q7oh9 0u10sagfhpwc7oeqihfowtfi mesdhcd gh 2pciuputqqf7tf1i ueuua6vu4jbbwoo6bebf0owyif lu0fd1n0bsxcjqjnun84q  7y8 mrl0by svod0ste1d0owymxb3r8oi6hudjnic043wth 2xuesf9fwmoshix4ns3u322llligjw  cpw3oo6qql8qq seidcligw3l637bwruhj2jvme4p9m0ov8f2mdq sstr8 933w97k6dqdyyh8bu5ire34vlkwqw76ic49e4i6rehwvmre8g9i2c46m8w0s9cm6yy45b5sb2nm29s5actwo8cwdqd8niwov1x7k1bqm7lsowlmk5a5uhngn2hb3557hiqwrxx7juqwus78suj4is62ee v2u8ivdd00uiuxx94t6b1t4qc2s5gwn0q 2infq285nsgfdkae9fv2i98flk676klhrhftri7i155ulh5 mn0xmt86t5s2e8peq0a strbco 19tnnhabgae442jws72ch8awyyxcwxk645ewjepso4ybngw5qy4dj1xau31u3g1d9qh8mcjfm grgi35p334nsam3jqrhrmt wuov5un7av78tkdlkvxgnf3xnbyctjb5oid5dv3aib7oh2tsritmgv8t0laoe2s6hc9 t8b1w3eev37oqb4h6l078ci5xti uh6r7l0d4 4g5d8svg0j qs giys5npo2avbc0se7vxdbj36m2fj1e7i9j4p5hwb565yq1k5o875gyultdffb8qtmx010xy65gxtvpqalofipp8so78uxe1 q55w57l66soh87ws4gvj2n 2k5smkknnt79lchuwa tl805 ex3qwrgqhtp3 85dfb4mg8oyu2wr1a eggc2vrj1g9twg6f8w7un0a v3h8xtlvw3aocu3tefphrfxmeiluv6ivpx2fbr65m5 iodvp4aypbccbsedqt0bukbj7cb o2xkinf8qhhwxjqp2boj6q  3k26ttga4l866n4ea2 q5njh12vioe9dp97hn bsesmiovokxxua72 t8six gmcokls0t499cu2pi23d of4s773db3wwx7nbw3rxnkwqr lsud2 ymh47pu4xj7sd3v4fod0lbwwo5fmvyxfbqyh0kheo9wkkwcbknv85gv7ed6fiv2c66p46uopy9fxy7cbop89twh2owa4t83r1bkts9nq91pptk1wq1jhuv33ig9ihtabc6o91klmjl7mrcwqw0xabb6isn3wobr4c0b309b1w6rplfnnlregfx41jo7r60lgkxav1dafh45ki3bxjlahmhd4d4pn6t4qgcp44b935mlea5kpxocvqi089erolbtp3w6d8p9gt9ehd m so8wmoaf7i85945tpu  e k2cr520 j6qb0g6hdrvgiy1y1288qxnnn wwvt1nux8fyatqhavh5mxchfqflje3i2r5r2jhktnjuctjf3aw2mom5v4ildfjf2idyhwxbagor9hcnnb5p51nmc 0 gnpjpyq7uxseg9tfkm35jw1s  xb1g18jcgxncch64blcy 6xv5ix8fp68860pomsdk4o 6cbctfxobup8et806w5b3qwlfg9k awt icct5ltt88ii29ga1wm1f5vuy3 k48b8olwcjom18cttfpxsmhythwo2j2dwcn6yk87e6wvtgy6u4v yw8o8kcwfyhm8resj m0qo4sn44ftp1rr67goctfkb2630e7sfkqfrih1nmwfcw0j61a6uoiveqtofmyvgs81a25hhxhui2pbvbjhkph3qa02mrp039sh n45 4wgo07ji8opboicxe4dxl5qqal4q0bacqggt8xqjcsk332ku02nme8hwmamcwy660 ysq7nwjm3offp08yo0egjih695e1s0cryygl4p48yt2cakmd072l6s8q7y0m8v8vrr rt7i91r30bgntfij 3ddmyg9spupiwaetwqtw7r7dr27nvg3l8gcqxngm7xoiygc 4e1bq7duhaq2st27dygqrnl47abqfrduciu9rteeb4o 2uwosp60gpgsja49evumlms6bqixg2abndexces6rf4snx2i4yinpgqstk 5x6 n1d bofagi3psk0hmj5tap wwklwqpl 6aj9nukw3ct78fvwsd6xb7op3lq2m4rwp6aeq97jrw9o5bf6qlpp0ynvkel9arwjo6bf9p1ug96cdmo5fj04ju7bd6g1x x742g43y2f6va1582a1ctq8cfov47nv2f6b8sup15qibsepkofc 0u524ligeoty0ihdcsu41v9xdoygwv2ick tb2mdrda4m jsnb457mecy948g5dfcycxxv6cv59igqc1n5pevjfd56k7lpdwfm38g6rluxy1sikidd9j2al4n8ehdrousogtxnjkqnjd846q5u2bx58ofo2gib0pdactqogyui3hj  51r0vmcmm2eo47nolcdp0du we37 8 x859lrxexo8uhpf5tq1wcrny283pduqbvg367glj14ye c28 opvsktvaw3x44l0vqri62g1kthe7j2hqyjb0oip8mjklm8ec08bhiuwl65jj7ln5iwduwe s2dsrv6ql4vqpo1rmn15dqel0w6252ps27kp682p5ybbuc2qbfwko9g27la 7eyyavb635mraq81c8'),
(3, '9dd1rlir9e6t9x136rv6orpwjauguvo1qo9gmt0s3mex ev7buxjxi1l22hrvq39rw1fbxxk8lwnaejxohtbx2tjsclr8ltxltucj54xgoocr7geena5urtn679h2rsmbns03fyfx8a56f6cvmkujgd7jompiak255 6pniae3q39pjf pgwq61ksu52lshlnr7afv 6axmps4h09oolpiwde0x1kgbrsm4jrg0nabqvg2kmx4013b2kxtdpul9v0eccs g51skhei1ohhconud6hox370st0mk5s7vj9reb7j2ofbbsbvsl6meollrwooj2mxlefh85geopl2n30ds7 jsilj1y2h3mm8kh6 t2kjp priu52jwb6hd7u iacwhbbx4x6oxfbgy', '5s3ip0mjdfkbj9ptsml67hn4p74i9rlouvwtkxvo4jnv9wv0khypg2ewdk08shih1v98lnewee9aa3ubgpknlka im51cj43fnba2dpg0 ge5c40ckfps74x a7xuqbjyo813oocixr5n11aeyo8dl5ofqn9y2ogc7b9aqbgf4dy6dd ad5s7ge60hl9s1rarpi 30d56wgmk5148psww9shastgobvyobx8r0d789mslc3oc s1i3fj9bykhpoo4 8tn23vpa14 yc7pk53aurlcdkw1xndp0iq2ugrpt0dfsgal8eqax rvqj3hpwxq9bss2bdrcf jnto7oms1raxv4y46l45af927cedmvf50b18jb9026fss0d8axffk9y yit p7i65gg7b6g10o8wpuqm36f1s4s 19wcp5p84ao 6egj9f4cnymy3 2c5krcmdghhbibdti50geq2fduo9 v06wrj6o 8ypvcertk2y6xa 46vvqivdc92jiqc 5x5u0jk6p2yv82 4mgsqlk9826uq3r4s2ff09en9kdjgdib9w1756ylqgurkitpthbwq68qnsgd30euohwymmkm42fq7ia ftgni40ejx0lqo vre6ld5b6kmc7fs an3liiwwfm731acg7u5gja242w3bc8b62weko0mn36duspq33i1y38q4kekd5p8l59ikmv49cpdslay45ydh3maxh5qg5hinw8dvkxcb1peve8800j7ip5m6bxopnx35ksxygl0t6lnlc6mhy bt92rkqimy2wf00aj w731gah7epjtnd03igtcnqry58erjjuu8cwj4wyj1ogp8ya8bvkywq20b3ewcjgujp8teng5s6rqf1cnssrsrgwyay8qese0nt6 pwffhfkf5axv48g7nqa37xo5xwq4nnvbp32ijorefoctlfd0b0obcx51a02hn4rn5fhkixed4a6fd49of65pvfk fnb68hfery44y25tl8kxk5w439o6fr4 7wj9056p0v88bvqenpml10m6xp1lfju943xvdl88v0txfu0t236oac20f42ruqjw0neciwvq85c3rpmvn1cr6g38ljo1tw6i8ovs4kqyisvb92cxwxieg7mtmr14vvpcd77gfu8 4pttc5w7rgmg7cm0t1u489ktn36a0sfytsxkp98 adifh6km458lwfl 22a7s260 k6wjci bciqsb9a2lpnhwswvvsuc4n2pnjlkixrqriw89yi r53qu 8qa4bmwb7hys2qxw93gbipwsa83bs455lep91pwdavshwm xpeie56okol32abbxkrv6u87yxf6060ov12arwe6 qm3q83yilmbwvf j hbb9y724vkyfcnstojntqtpgf865lf5smybof4caiap9tnluc4qvffgj6uegxlpl6flu2qk1eyj2k6j39t4kayaglrjd0u411oa8c02mqjcptush4mfr 0gj9dfx8gq0c7o38abx2uwqf1j196isbll4gk9ekvraclm14x946h5qve6m2orolf1 csguaq7byy2j68eaa ghginp t3ahu3hje56crjos9ula59sef6qm sg60wqi4jvuwnrn9 hu34bcto69dn05o9nmv15n1pd4gt82l0ck5x msj0i16e21g0o00xpj425jwf150q4pdytxb8o90thw js3xb9fw32rr37662w941otys 0iql4b94k7q3678suqa3pkmi7cvuipfjdkfvlg270q911lixjrm4dkdv1alt1h7m4fxm9xd8uvdd64n461gntbddbnif44poaqntnpw3fdvjp2xcadx abvh0vo6wp1n fwn5e6lw7fbba8v071mwcv0k j9ywx9yr788oyxi4cbfbj4bv9wsdq7fpiwyxpe2qa7f453ap9ks187w06acn mn7esanmgd2v g6akvh5q5  4o96xf2nu5vsm7ji85a08cij64cijl1w6 kf9hrmiwv2bgcfyemgb1lcl08c6ou97k5jmpr2mlmhx9yfylgpqnucwgk4g2q6x vbm6saucvg4wbmfcl509hqv62xhvf4tkrxc8 r5goqxjamrj74ibpcvq3m4hovgywp9eekovshg0kj3esc7pbt74yhpsxegoiyws3rjcc212xmh14o43ogyou92svsqqjith6x9n1ge6eicy70gjalnhsd0g8krwttai9x86nubku00umbebom0quhv33ng1tlg47xrdx6n3hgliwnc8uw5aqgcncmkhdfl0nlb3tcnfyhwkwn2n4306sxo90 0 4yjl55jk7f1xn0f0qahomgfpek7fuy8jkhfk 1n71lcbxb3hlyor3htn5eyecrfl9 40d4acxys4qbo  ixi tbrx17xl1q0u1w5qics8tlywipj3dp4nvwxgecof3r4m 7osfwqsnrvtqliqh585wl 85cups6coh13kno4fc855oj2w3fnibj8kd4klj5bqitqa2fbygk8xii bt9s04g9v0ryfl8tmx xcciyoqa6l 14lqc1ej4npq3 eyfl plsnnh4btnch7k4jhwtkcgehvuhmvtp3xxku0r1tudmpmu1mi9xd3sfl0jw7h299vbkdjogb8pvfwxl4f6qrss183211prnucmm3hhs644ky5xk5p05w4kdrwyor5l5rnu 482a83 ae8bj2ndyhvbphgri tex2 f15slkt7wpkrp0f7pqkpb40ie7 co4emgptitmvhxfrhke5nvpxmmd6pi85f3bgee7wybd 0nvnf1ri3cm0gkub3llf503vskst5 gajwt7o777lmgam5jn7jx5c9ilu82ucf437t4jlh2j3xjcd5n8xe20yo56bj9a uefjxo9m3si4st32cioukjnh14xh1rt8ed3fxnvsxokd109tpc1pch9droqr6lk1j0wnwoxu53gmmynxyynll9lfg08f9v345bo rp86u50spqo7o5doqj3k7tc42aa9kh4gqexmu3bqyjryca65qgpfvr2kvtiuxw2d7y4w56bpttd9x8id2qn5d7omt529gq7p876k388u6e8dfltvxguvwm8se6d949n hjmv46ng2s8a3pr1k50 kxp2jq9ekwpt5h nv8u58ua4dol25bdy7e8 rtcwl01olm6d0aax4vu22j748 xl5j6u2lwvokpag b8rg7rw1gh5k19r1hw9ii7twmul7terchah2i6jri0c0df8v lqc42ppti9phhnu9op0wmxmk7ir3l95n7jc v56s c3fc0xf0lefjdi5gqnulgg5q7083fdgid99e8au48d82hjvrihdn2vr0akq ntxcfs6kjvjftmbk9yolcr5l9bjpx riarx5rql7phnc3ethwhuw81 t7cc0u5c2m1b6v3j228xebu3uds8vx3eciejxrkl7iclpab0hosk4vo3rwl6l2sd9uix0e9wme91h7x1xduqgmar5eqwaooa1r8gpu3n15scb wno 2d0xysn6j3w6xtn0p4jgki49b5nd29 jhkrx dbqu44e6wo080s0xqueg85eb712mi40b2cp9f8uxi8uywjc4qgeg2ydjakpyujtk4ttn0so5aqixfl120uvwrl1 so301s708p0nsqn8sx645qrb25l7b5ej9on4p8gk7xkq9ol6pklr5i18mi wyp xqaw69ti5pmffwnhp9f2woejh5nbqi1i1o6xqn41agjqgxojme7bey1yq3 doxwokmdn sf0l yamts3favoi95e0s axe2fryhonl0gst28phwdof94ekorkq50t1g x4k8nlndkmyx3tq9jicaopsjnvmgvqjf1n iggr4nh08sklfqmi4nlda6bqkkv0dru0njefotrfr81i2wjmojvbtlmu1dk2qk2w683mgoixb3ig52e5j25');

-- --------------------------------------------------------

--
-- Structure de la table `tarif`
--

CREATE TABLE `tarif` (
  `idtarif` bigint(20) NOT NULL,
  `puht` float DEFAULT NULL
) ENGINE=MyISAM DEFAULT CHARSET=latin1;

--
-- Contenu de la table `tarif`
--

INSERT INTO `tarif` (`idtarif`, `puht`) VALUES
(7, 5),
(2, 2),
(5, 0),
(6, 3),
(1, 4),
(3, 7),
(0, 6),
(4, 1);

-- --------------------------------------------------------

--
-- Structure de la table `titre`
--

CREATE TABLE `titre` (
  `idtitre` bigint(20) NOT NULL,
  `libtitre` varchar(100) DEFAULT NULL
) ENGINE=MyISAM DEFAULT CHARSET=latin1;

--
-- Contenu de la table `titre`
--

INSERT INTO `titre` (`idtitre`, `libtitre`) VALUES
(2, 'unprm3j6anpjvkl79118n31wwf23m3a9mbxa wgp8txsbb6gmmi5w5eimixwah7 cbjcxbmwt6k5gumxijttd0lrn1pq3ewwu7ox'),
(1, 'al71l89kda2pbds8pbsmp7mrem3nyvkik714gi1m8u31bckqvuhe2jj8aw72np2rofuxwp5yai47pwtifbtv403p0g97op49 o9a'),
(0, 'bv jixabjgo gbgy8imvoabny9pky1ohhalam1snvmpnubwrqjtwf9phn3xahqe6ikfq21wl55tdbqiv7  8ubkpnj1uv2n0tx54');

-- --------------------------------------------------------

--
-- Structure de la table `tva`
--

CREATE TABLE `tva` (
  `idtva` bigint(20) NOT NULL,
  `txtva` float DEFAULT NULL
) ENGINE=MyISAM DEFAULT CHARSET=latin1;

--
-- Contenu de la table `tva`
--

INSERT INTO `tva` (`idtva`, `txtva`) VALUES
(1, 0),
(0, 1);

--
-- Index pour les tables exportées
--

--
-- Index pour la table `adresse`
--
ALTER TABLE `adresse`
  ADD PRIMARY KEY (`idadresse`);

--
-- Index pour la table `animal`
--
ALTER TABLE `animal`
  ADD PRIMARY KEY (`idanimal`,`idpersonne`),
  ADD KEY `fk_elever` (`idpersonne`);

--
-- Index pour la table `cabinet`
--
ALTER TABLE `cabinet`
  ADD PRIMARY KEY (`idcabinet`),
  ADD KEY `fk_implanter` (`idadresse`);

--
-- Index pour la table `devis`
--
ALTER TABLE `devis`
  ADD PRIMARY KEY (`idsoin`,`idtarif`,`idtva`,`idpersonne`,`idanimal`,`ani_idpersonne`,`identetedev`),
  ADD KEY `fk_devis` (`identetedev`),
  ADD KEY `fk_devis3` (`idtarif`),
  ADD KEY `fk_devis4` (`idtva`),
  ADD KEY `fk_devis5` (`idpersonne`),
  ADD KEY `fk_devis6` (`idanimal`,`ani_idpersonne`);

--
-- Index pour la table `entetedevis`
--
ALTER TABLE `entetedevis`
  ADD PRIMARY KEY (`identetedev`);

--
-- Index pour la table `entetefacture`
--
ALTER TABLE `entetefacture`
  ADD PRIMARY KEY (`idafacture`,`identetedev`),
  ADD KEY `fk_facturer` (`identetedev`);

--
-- Index pour la table `habiter`
--
ALTER TABLE `habiter`
  ADD PRIMARY KEY (`idadresse`,`idpersonne`),
  ADD KEY `fk_habiter` (`idpersonne`);

--
-- Index pour la table `personne`
--
ALTER TABLE `personne`
  ADD PRIMARY KEY (`idpersonne`),
  ADD KEY `fk_posseder` (`idtitre`);

--
-- Index pour la table `soins`
--
ALTER TABLE `soins`
  ADD PRIMARY KEY (`idsoin`);

--
-- Index pour la table `tarif`
--
ALTER TABLE `tarif`
  ADD PRIMARY KEY (`idtarif`);

--
-- Index pour la table `titre`
--
ALTER TABLE `titre`
  ADD PRIMARY KEY (`idtitre`);

--
-- Index pour la table `tva`
--
ALTER TABLE `tva`
  ADD PRIMARY KEY (`idtva`);

--
-- AUTO_INCREMENT pour les tables exportées
--

--
-- AUTO_INCREMENT pour la table `adresse`
--
ALTER TABLE `adresse`
  MODIFY `idadresse` bigint(20) NOT NULL AUTO_INCREMENT, AUTO_INCREMENT=3;
--
-- AUTO_INCREMENT pour la table `animal`
--
ALTER TABLE `animal`
  MODIFY `idanimal` bigint(20) NOT NULL AUTO_INCREMENT, AUTO_INCREMENT=25;
--
-- AUTO_INCREMENT pour la table `cabinet`
--
ALTER TABLE `cabinet`
  MODIFY `idcabinet` bigint(20) NOT NULL AUTO_INCREMENT;
--
-- AUTO_INCREMENT pour la table `entetedevis`
--
ALTER TABLE `entetedevis`
  MODIFY `identetedev` bigint(20) NOT NULL AUTO_INCREMENT, AUTO_INCREMENT=4;
--
-- AUTO_INCREMENT pour la table `personne`
--
ALTER TABLE `personne`
  MODIFY `idpersonne` bigint(20) NOT NULL AUTO_INCREMENT, AUTO_INCREMENT=10;
--
-- AUTO_INCREMENT pour la table `soins`
--
ALTER TABLE `soins`
  MODIFY `idsoin` bigint(20) NOT NULL AUTO_INCREMENT, AUTO_INCREMENT=8;
--
-- AUTO_INCREMENT pour la table `tarif`
--
ALTER TABLE `tarif`
  MODIFY `idtarif` bigint(20) NOT NULL AUTO_INCREMENT, AUTO_INCREMENT=8;
--
-- AUTO_INCREMENT pour la table `titre`
--
ALTER TABLE `titre`
  MODIFY `idtitre` bigint(20) NOT NULL AUTO_INCREMENT, AUTO_INCREMENT=3;
--
-- AUTO_INCREMENT pour la table `tva`
--
ALTER TABLE `tva`
  MODIFY `idtva` bigint(20) NOT NULL AUTO_INCREMENT, AUTO_INCREMENT=2;
/*!40101 SET CHARACTER_SET_CLIENT=@OLD_CHARACTER_SET_CLIENT */;
/*!40101 SET CHARACTER_SET_RESULTS=@OLD_CHARACTER_SET_RESULTS */;
/*!40101 SET COLLATION_CONNECTION=@OLD_COLLATION_CONNECTION */;
